Permalink BSG	Kurztitel
http://permalink.snl.ch/bib/chbsg000138282	Aargauer Urkunden
http://permalink.snl.ch/bib/chbsg000140943	Ackermann 1989a
http://permalink.snl.ch/bib/chbsg000140950	Ackermann 1989b
http://permalink.snl.ch/bib/chbsg000140985	Ackermann 1989c
http://permalink.snl.ch/bib/chbsg000141233	Ackermann 1991
http://permalink.snl.ch/bib/chbsg000141243	Ackermann 1994a
http://permalink.snl.ch/bib/chbsg000141254	Ackermann 1994b
http://permalink.snl.ch/bib/chbsg000112387	Ackermann 1995
http://permalink.snl.ch/bib/chbsg000103804	Ackermann 1997
http://permalink.snl.ch/bib/chbsg000059222 ; http://permalink.snl.ch/bib/chbsg000141272	Ackermann 1998
http://permalink.snl.ch/bib/chbsg000096252	Adams 1983
http://permalink.snl.ch/bib/chbsg000138265	ADB
http://permalink.snl.ch/bib/chbsg000142591	Aebi 1963
http://permalink.snl.ch/bib/chbsg000143948	Aebi 1974
http://permalink.snl.ch/bib/chbsg991001201449703977	Aebischer 1923
http://permalink.snl.ch/bib/chbsg000095734	Aebischer 1976
http://permalink.snl.ch/bib/chbsg000081977	Aeppli 1979
http://permalink.snl.ch/bib/chbsg000137721	Aerni 1974
http://permalink.snl.ch/bib/chbsg000135390	Ahlhaus 1929
http://permalink.snl.ch/bib/chbsg000136340	Aktenstücke Zürichkrieg
http://permalink.snl.ch/bib/chbsg000016930	Albertin 2000
http://permalink.snl.ch/bib/chbsg000150863	Albertin 2009
http://permalink.snl.ch/bib/chbsg000136757	Albertin 2015
http://permalink.snl.ch/bib/chbsg000138316	Allemann 1947
http://permalink.snl.ch/bib/chbsg000065118	Allenspach et al. 1988
http://permalink.snl.ch/bib/chbsg000116723	Altorfer-Ong 2010
http://permalink.snl.ch/bib/chbsg000114717	Amacher 1996
http://permalink.snl.ch/bib/chbsg000150997	Amacher 2002
http://permalink.snl.ch/bib/chbsg000063344	Amerbach-Korrespondenz
http://permalink.snl.ch/bib/chbsg000074328	Amiest 1693
http://permalink.snl.ch/bib/chbsg000139136	Ammann 1904-1913
http://permalink.snl.ch/bib/chbsg000138125	Ammann 1937
http://permalink.snl.ch/bib/chbsg000144840	Ammann 1953
http://permalink.snl.ch/bib/chbsg991001201449203977	Ammann-Doubliez et al. 2014
http://permalink.snl.ch/bib/chbsg991001212049603977	Andenmatten 1995 dans HS IX/2
http://permalink.snl.ch/bib/chbsg000073884	Andenmatten/Utz Tremp 1992
http://permalink.snl.ch/bib/chbsg000113550	Anderes 1983
http://permalink.snl.ch/bib/chbsg000079608	Angst et al. 1995
http://permalink.snl.ch/bib/chbsg000049563	Ankli 2003
http://permalink.snl.ch/bib/chbsg000044312	Ankli 2005
http://permalink.snl.ch/bib/chbsg000064449	Archiv Wettingen
http://permalink.snl.ch/bib/chbsg000049553	Aregger 2002
http://permalink.snl.ch/bib/chbsg000052617	Aregger 2007
http://permalink.snl.ch/bib/chbsg000138315	Armbrust-Schützen Ordnung
http://permalink.snl.ch/bib/chbsg000089765	Arnet 1995
http://permalink.snl.ch/bib/chbsg000139721	Aschwanden 1936
http://permalink.snl.ch/bib/chbsg991001220744303977	Audisio et al. 2004
http://permalink.snl.ch/bib/chbsg000138187	Auge 2007
http://permalink.snl.ch/bib/chbsg000072496	Augsburger-Bucheli 1988
http://permalink.snl.ch/bib/chbsg000084613	Bächtold 1982
http://permalink.snl.ch/bib/chbsg000151121	Bächtold 2007
http://permalink.snl.ch/bib/chbsg000046601	Bacon 2004
http://permalink.snl.ch/bib/chbsg000137459	Bader 1854
http://permalink.snl.ch/bib/chbsg000138413	Bader 1901
http://permalink.snl.ch/bib/chbsg000150644	Bader 1964
http://permalink.snl.ch/bib/chbsg000138336	Balimann 1995
http://permalink.snl.ch/bib/chbsg000063530	Balimann 1997
http://permalink.snl.ch/bib/chbsg000151071	Balthasar, Helvetia
http://permalink.snl.ch/bib/chbsg000138414	Baltischweiler 1905
http://permalink.snl.ch/bib/chbsg000138410	Balzer 1952
http://permalink.snl.ch/bib/chbsg000138346	Bänninger 1948
http://permalink.snl.ch/bib/chbsg000080285	Bänziger 1977
http://permalink.snl.ch/bib/chbsg000138345	Bär 1893
http://permalink.snl.ch/bib/chbsg000151392	Barbatti 1957
http://permalink.snl.ch/bib/chbsg991001204749103977	Barbey 1911
http://permalink.snl.ch/bib/chbsg991001190348503977	Barbey 1926
http://permalink.snl.ch/bib/chbsg000085423	Barrelet 1989-1993
http://permalink.snl.ch/bib/chbsg000050718	Bärtschi 2008
http://permalink.snl.ch/bib/chbsg000143756	Battenberg 1974
http://permalink.snl.ch/bib/chbsg000143773	Battenberg 2002
http://permalink.snl.ch/bib/chbsg000138340	Battenberg, Gerichtsstandsprivilegien
http://permalink.snl.ch/bib/chbsg000141678	Bauer 1937
http://permalink.snl.ch/bib/chbsg000136641	Bauhofer 1927
http://permalink.snl.ch/bib/chbsg000138341	Bauhofer 1931
http://permalink.snl.ch/bib/chbsg000136643	Bauhofer 1933
http://permalink.snl.ch/bib/chbsg000137361	Bauhofer 1935
http://permalink.snl.ch/bib/chbsg000137441	Bauhofer 1936
http://permalink.snl.ch/bib/chbsg000135555	Bauhofer 1937
http://permalink.snl.ch/bib/chbsg000135231	Bauhofer 1940
http://permalink.snl.ch/bib/chbsg000135233	Bauhofer 1943
http://permalink.snl.ch/bib/chbsg000135551	Bauhofer 1943a
http://permalink.snl.ch/bib/chbsg000135234	Bauhofer 1947
http://permalink.snl.ch/bib/chbsg000138412	Bauhofer 1950
http://permalink.snl.ch/bib/chbsg000138104	Baukultur 2003-2013
http://permalink.snl.ch/bib/chbsg000137905	Baumann 1969
http://permalink.snl.ch/bib/chbsg000013301	Baumann 2000
http://permalink.snl.ch/bib/chbsg000056430	Baumeler 2010
http://permalink.snl.ch/bib/chbsg000094914	Baumgartner 1983
http://permalink.snl.ch/bib/chbsg000108630	Baumgartner 1997
http://permalink.snl.ch/bib/chbsg000049558	Beck 2001
http://permalink.snl.ch/bib/chbsg000044220	Beck 2004
http://permalink.snl.ch/bib/chbsg000142458	Béguelin 1913
http://permalink.snl.ch/bib/chbsg000112802	Below/Breit 1998
http://permalink.snl.ch/bib/chbsg000024490	Benninger 2001
http://permalink.snl.ch/bib/chbsg991001204749203977	Berger 1963 ; Berger 1966
http://permalink.snl.ch/bib/chbsg000049532	Berger 2003
http://permalink.snl.ch/bib/chbsg000040681	Berger 2004
http://permalink.snl.ch/bib/chbsg000142780	Berger/Niederer 1897
http://permalink.snl.ch/bib/chbsg000095221	Berger-Locher 1975
http://permalink.snl.ch/bib/chbsg000142251	Bergeron 1970
http://permalink.snl.ch/bib/chbsg000151035	Bergmann 1916
http://permalink.snl.ch/bib/chbsg000143945	Bergmann, Urkunden
http://permalink.snl.ch/bib/chbsg000055179	Berner 2010
http://permalink.snl.ch/bib/chbsg000136773	Bernet 1967
http://permalink.snl.ch/bib/chbsg000136751	Bernet 1969
http://permalink.snl.ch/bib/chbsg000135552	Bersinger 1995
http://permalink.snl.ch/bib/chbsg000040808	Berwein 2003
http://permalink.snl.ch/bib/chbsg000143946	Beusch 1918
http://permalink.snl.ch/bib/chbsg000137211	Beyel, Kappeler-Krieg
http://permalink.snl.ch/bib/chbsg000136474	Beyerle 1910
http://permalink.snl.ch/bib/chbsg000138418	Biäsch, Beder-Chronik
http://permalink.snl.ch/bib/chbsg000084994	Bickel 1978
http://permalink.snl.ch/bib/chbsg000045808	Bickel 2006
http://permalink.snl.ch/bib/chbsg000045502	Bickel 2006a
http://permalink.snl.ch/bib/chbsg000044218	Bihrer 2004
http://permalink.snl.ch/bib/chbsg000141231	Bilgeri 1950
http://permalink.snl.ch/bib/chbsg000141232	Bilgeri 1964
http://permalink.snl.ch/bib/chbsg000150354	Bilgeri 1968
http://permalink.snl.ch/bib/chbsg000151122	Bilgeri 1974
http://permalink.snl.ch/bib/chbsg000082408	Bilgeri 1976
http://permalink.snl.ch/bib/chbsg000110146	Billeter 1983
http://permalink.snl.ch/bib/chbsg000149758	Binding 1993
http://permalink.snl.ch/bib/chbsg000151394	Bindschedler 1906
http://permalink.snl.ch/bib/chbsg000055157	Bitterli 2009
http://permalink.snl.ch/bib/chbsg000136733	Blass 1968
http://permalink.snl.ch/bib/chbsg000080613	Blauert 1989
http://permalink.snl.ch/bib/chbsg000085095	Blauert 1990
http://permalink.snl.ch/bib/chbsg000138307	Bless-Grabher 1995
http://permalink.snl.ch/bib/chbsg000150998	Bless-Grabher 2002
http://permalink.snl.ch/bib/chbsg000150999	Bless-Grabher 2002a
http://permalink.snl.ch/bib/chbsg000142150	Blickle 1982
http://permalink.snl.ch/bib/chbsg000076058	Blocher 1976
http://permalink.snl.ch/bib/chbsg000151036	Blöchlinger 1923
http://permalink.snl.ch/bib/chbsg000142598	Blumer 1850-1859
http://permalink.snl.ch/bib/chbsg000142775	Blumer, Urkundensammlung
http://permalink.snl.ch/bib/chbsg000135548	Bluntschli 1742
http://permalink.snl.ch/bib/chbsg000137287	Bluntschli 1834
http://permalink.snl.ch/bib/chbsg000137294	Bluntschli 1834a
http://permalink.snl.ch/bib/chbsg000137289	Bluntschli 1835
http://permalink.snl.ch/bib/chbsg000138437	Bluntschli 1838-1839
http://permalink.snl.ch/bib/chbsg000137351	Bluntschli 1848
http://permalink.snl.ch/bib/chbsg000138438	Bluntschli 1856
http://permalink.snl.ch/bib/chbsg000141147	Boari 1992
http://permalink.snl.ch/bib/chbsg000052646	Bock 2009
http://permalink.snl.ch/bib/chbsg000142466	BOCL
http://permalink.snl.ch/bib/chbsg000089165	Bodmer 1996
http://permalink.snl.ch/bib/chbsg000136694	Boesch 1955
http://permalink.snl.ch/bib/chbsg000136705	Boesch 1958
http://permalink.snl.ch/bib/chbsg000138444	Bollier 1949
http://permalink.snl.ch/bib/chbsg000135494	Bollinger 1941
http://permalink.snl.ch/bib/chbsg000135632	Bollinger 1945
http://permalink.snl.ch/bib/chbsg000096368	Bollinger 1983
http://permalink.snl.ch/bib/chbsg000074995	Bollinger 1992
http://permalink.snl.ch/bib/chbsg000142264	Borel 1898
http://permalink.snl.ch/bib/chbsg000151416	Bosshard 1998
http://permalink.snl.ch/bib/chbsg000151401	Bosshard 2006
http://permalink.snl.ch/bib/chbsg000138447	Bosshart 1910
http://permalink.snl.ch/bib/chbsg000135639	Bosshart, Chronik
http://permalink.snl.ch/bib/chbsg000051941	Bosson 2009
http://permalink.snl.ch/bib/chbsg000150995	Bötschi-Mauz 2007
http://permalink.snl.ch/bib/chbsg000118197	Boxler 2008
http://permalink.snl.ch/bib/chbsg000142485	Boyve 1786
http://permalink.snl.ch/bib/chbsg000142488	Boyve 1791
http://permalink.snl.ch/bib/chbsg000142327	Boyve 1854-1861
http://permalink.snl.ch/bib/chbsg000078008	Brändli 1990
http://permalink.snl.ch/bib/chbsg000020381	Brändli 2000
http://permalink.snl.ch/bib/chbsg000136859	Brändli 2001
http://permalink.snl.ch/bib/chbsg000142633	Branger 1905
http://permalink.snl.ch/bib/chbsg000151037	Braun 1960
http://permalink.snl.ch/bib/chbsg000065675	Braun 1984
http://permalink.snl.ch/bib/chbsg000151396	Brecht 1976
http://permalink.snl.ch/bib/chbsg000151397	Brendecke 2015
http://permalink.snl.ch/bib/chbsg000137626	Brennwald, Schweizerchronik
http://permalink.snl.ch/bib/chbsg000137354	Bretscher 1910
http://permalink.snl.ch/bib/chbsg000143816	Brill 1960
http://permalink.snl.ch/bib/chbsg000129537	Brühlmeier 2013
http://permalink.snl.ch/bib/chbsg000045674	Brühlmeier/Frei 2005
http://permalink.snl.ch/bib/chbsg000138317	Brunner 1909
http://permalink.snl.ch/bib/chbsg000138245	Brunner 1949
http://permalink.snl.ch/bib/chbsg000055330	Brunner et al. 2008
http://permalink.snl.ch/bib/chbsg000046603	Brunschwig-Ségal 1998
http://permalink.snl.ch/bib/chbsg000137283	Brunschwig-Ségal 2001
http://permalink.snl.ch/bib/chbsg000049552	Brupbacher 2001
http://permalink.snl.ch/bib/chbsg000039393	Brupbacher 2003
http://permalink.snl.ch/bib/chbsg000038752	Brupbacher 2004
http://permalink.snl.ch/bib/chbsg000136583	Bruppacher 1906
http://permalink.snl.ch/bib/chbsg000070135	BUB
http://permalink.snl.ch/bib/chbsg000141189	Büchel 1902
http://permalink.snl.ch/bib/chbsg000141151	Büchel 1912
http://permalink.snl.ch/bib/chbsg000141190	Büchel 1923
http://permalink.snl.ch/bib/chbsg000150479	Büchel 1927
http://permalink.snl.ch/bib/chbsg000150447	Büchel, Regesten
http://permalink.snl.ch/bib/chbsg000138875	Buchholzer/Lachaud 2014
http://permalink.snl.ch/bib/chbsg000138881	Buchholzer/Richard 2014
http://permalink.snl.ch/bib/chbsg000137471	Büchi 1931
http://permalink.snl.ch/bib/chbsg000137627	Büchi, Aktenstücke
http://permalink.snl.ch/bib/chbsg000140931	Bugg 2006
http://permalink.snl.ch/bib/chbsg000135495	Bugmann 1949
http://permalink.snl.ch/bib/chbsg000135492	Bühler 1922
http://permalink.snl.ch/bib/chbsg000136881	Bühler 1945
http://permalink.snl.ch/bib/chbsg000151038	Bühlmann 1916
http://permalink.snl.ch/bib/chbsg000151000	Buhofer 2002
http://permalink.snl.ch/bib/chbsg000114781	Bührer 1977
http://permalink.snl.ch/bib/chbsg000137629	Bullinger, Korrespondenz
http://permalink.snl.ch/bib/chbsg000135613	Bullinger, Reformationsgeschichte
http://permalink.snl.ch/bib/chbsg000151039	Bullinger, Schriften
http://permalink.snl.ch/bib/chbsg000151040	Bullinger, Schriften zum Tage
http://permalink.snl.ch/bib/chbsg991001173948603977	Burger 1960
http://permalink.snl.ch/bib/chbsg000143329	Bürger 1997
http://permalink.snl.ch/bib/chbsg000091122	Burghartz 1990
http://permalink.snl.ch/bib/chbsg000067138	Burghartz dans Berrisch et al. 1986
http://permalink.snl.ch/bib/chbsg000138506	Bürkli-Meyer, Fabrikgesetzgebung
http://permalink.snl.ch/bib/chbsg000141029	Burmeister 1991
http://permalink.snl.ch/bib/chbsg000083181	Burmeister 1996
http://permalink.snl.ch/bib/chbsg000044942	Burmeister 2005
http://permalink.snl.ch/bib/chbsg000150287	Burmeister 2006
http://permalink.snl.ch/bib/chbsg000114276	Büsser 1985
http://permalink.snl.ch/bib/chbsg000043149	Büsser 2004-2005
http://permalink.snl.ch/bib/chbsg000142471	Calame 1829
http://permalink.snl.ch/bib/chbsg000142453	Calame 1858
http://permalink.snl.ch/bib/chbsg000149430	Campi 2017
http://permalink.snl.ch/bib/chbsg000141640	Cannata 1987
http://permalink.snl.ch/bib/chbsg000027733	Caretta 2001
http://permalink.snl.ch/bib/chbsg000048497	Casanova 2007
http://permalink.snl.ch/bib/chbsg991001204547903977	Castella 1922
http://permalink.snl.ch/bib/chbsg000141586	Chabloz 1876
http://permalink.snl.ch/bib/chbsg000085332	Chambrier 1840
http://permalink.snl.ch/bib/chbsg000074334	Chambrier 1840a
http://permalink.snl.ch/bib/chbsg991001220743703977	Charageat/Soula et al. 2014
http://permalink.snl.ch/bib/chbsg000150448	Chmel, Regesta
http://permalink.snl.ch/bib/chbsg000106060	Choffat 1989
http://permalink.snl.ch/bib/chbsg000137670	Chronik der Stadt Zürich
http://permalink.snl.ch/bib/chbsg000056393	ChSG
http://permalink.snl.ch/bib/chbsg000074977	Clottu 1987
http://permalink.snl.ch/bib/chbsg000089162	CMD-CH
http://permalink.snl.ch/bib/chbsg000107618	Cordes 1993
http://permalink.snl.ch/bib/chbsg000141769	Courvoisier 1968
http://permalink.snl.ch/bib/chbsg000022447	Crespo 2001
http://permalink.snl.ch/bib/chbsg000109248	Cuendet 1979
http://permalink.snl.ch/bib/chbsg000107481	Curti 1988
http://permalink.snl.ch/bib/chbsg000138127	Dalcher 1957
http://permalink.snl.ch/bib/chbsg000136486	Dändliker 1896
http://permalink.snl.ch/bib/chbsg000136487	Dändliker 1898
http://permalink.snl.ch/bib/chbsg000138510	Dändliker 1908-1912
http://permalink.snl.ch/bib/chbsg000137527	Dändliker 1952
http://permalink.snl.ch/bib/chbsg991001204749003977	De Foras 1863
http://permalink.snl.ch/bib/chbsg991001190348303977	De Montet 1884
http://permalink.snl.ch/bib/chbsg000142295	de Tribolet 1846
http://permalink.snl.ch/bib/chbsg000053684	De Vincenti-Schwab 2008
http://permalink.snl.ch/bib/chbsg000136781	Debrunner 1972
http://permalink.snl.ch/bib/chbsg991001190348403977	Déglon 1949
http://permalink.snl.ch/bib/chbsg000142299	Demole/Wavre 1939
http://permalink.snl.ch/bib/chbsg000150459	Denier, Urkunden
http://permalink.snl.ch/bib/chbsg000135544	Denzler 1858
http://permalink.snl.ch/bib/chbsg000138511	Denzler 1920
http://permalink.snl.ch/bib/chbsg000080293	Deplazes-Haefliger 1976
http://permalink.snl.ch/bib/chbsg000064176	Deplazes-Haefliger 1991
http://permalink.snl.ch/bib/chbsg000082505	Deplazes-Haefliger 1998
http://permalink.snl.ch/bib/chbsg000144836	DHBS
http://permalink.snl.ch/bib/chbsg000135547	Diener 1901
http://permalink.snl.ch/bib/chbsg000043334	Diethelm 2004
http://permalink.snl.ch/bib/chbsg000106826	Dietrich 1985
http://permalink.snl.ch/bib/chbsg000138246	Dilcher 1991
http://permalink.snl.ch/bib/chbsg000150124	Dilcher 2004
http://permalink.snl.ch/bib/chbsg991001204547803977	Dillenseger 1914
http://permalink.snl.ch/bib/chbsg000149757	Dirlmeier 1981
http://permalink.snl.ch/bib/chbsg000151169	Dirlmeier 1988
http://permalink.snl.ch/bib/chbsg000142590	Dölemeyer 1995
http://permalink.snl.ch/bib/chbsg000070203	Domeisen 1975
http://permalink.snl.ch/bib/chbsg000089413	Dörner 1996
http://permalink.snl.ch/bib/chbsg991001221049003977	Dorthe 2007
http://permalink.snl.ch/bib/chbsg991001221449003977	Dubas 1995
http://permalink.snl.ch/bib/chbsg000092847	Dubler 1975
http://permalink.snl.ch/bib/chbsg000084084	Dubler 1982
http://permalink.snl.ch/bib/chbsg991001180048803977	Dülmen 1999
http://permalink.snl.ch/bib/chbsg000030192	Dunand 2002
http://permalink.snl.ch/bib/chbsg000098046	Dünki 1995
http://permalink.snl.ch/bib/chbsg000136885	Dünki 2011
http://permalink.snl.ch/bib/chbsg000114745	Dütsch 1994
http://permalink.snl.ch/bib/chbsg000144852	DWB
http://permalink.snl.ch/bib/chbsg000150488	DWR 1914ff
http://permalink.snl.ch/bib/chbsg000135614	EA 1839-1886
http://permalink.snl.ch/bib/chbsg000143941	EA, Bd. 1
http://permalink.snl.ch/bib/chbsg000143942	EA, Bd. 2
http://permalink.snl.ch/bib/chbsg000143827	EA, Bd. 3/1
http://permalink.snl.ch/bib/chbsg000143826	EA, Bd. 3/2
http://permalink.snl.ch/bib/chbsg000143943	EA, Bd. 4/1a
http://permalink.snl.ch/bib/chbsg000143939	EA, Bd. 4/1b
http://permalink.snl.ch/bib/chbsg000143938	EA, Bd. 4/1c
http://permalink.snl.ch/bib/chbsg000143937	EA, Bd. 4/1d
http://permalink.snl.ch/bib/chbsg000143935	EA, Bd. 4/1e
http://permalink.snl.ch/bib/chbsg000143934	EA, Bd. 4/2a
http://permalink.snl.ch/bib/chbsg000143933	EA, Bd. 5/1
http://permalink.snl.ch/bib/chbsg000143932	EA, Bd. 5/2
http://permalink.snl.ch/bib/chbsg991001180045703977	EA, Bd. 6/1
http://permalink.snl.ch/bib/chbsg000143931	EA, Bd. 6/2
http://permalink.snl.ch/bib/chbsg000143825	EA, Bd. 7/1
http://permalink.snl.ch/bib/chbsg000143824	EA, Bd. 7/2
http://permalink.snl.ch/bib/chbsg000143823	EA, Bd. 8
http://permalink.snl.ch/bib/chbsg000150456	EA, Nachträge ZH
http://permalink.snl.ch/bib/chbsg000135580	Ebel 1958
http://permalink.snl.ch/bib/chbsg000126746	Ebnöther 2013
http://permalink.snl.ch/bib/chbsg991001173548003977	Edlibach, Aufzeichnungen
http://permalink.snl.ch/bib/chbsg000137588	Edlibach, Chronik
http://permalink.snl.ch/bib/chbsg000070035	Eggenberger/Stricker/Vincenz, Buchser Urbar
http://permalink.snl.ch/bib/chbsg000138605	Egli 1873
http://permalink.snl.ch/bib/chbsg000136547	Egli 1896
http://permalink.snl.ch/bib/chbsg991001175149703977	Egli 1896a
http://permalink.snl.ch/bib/chbsg000136958	Egli 1898
http://permalink.snl.ch/bib/chbsg000136963	Egli 1906
http://permalink.snl.ch/bib/chbsg000135610	Egli, Actensammlung
http://permalink.snl.ch/bib/chbsg000151041	Egli, Analecta Reformatoria
http://permalink.snl.ch/bib/chbsg000138411	Eichholzer 1917
http://permalink.snl.ch/bib/chbsg000137906	Eichholzer 1924
http://permalink.snl.ch/bib/chbsg000110925	Elsener 1973
http://permalink.snl.ch/bib/chbsg000104485	Elsener 1975
http://permalink.snl.ch/bib/chbsg000150643	Ennen 1977-1987
http://permalink.snl.ch/bib/chbsg991001180648203977	Enzyklopädie der Neuzeit
http://permalink.snl.ch/bib/chbsg000137598	Erb 1954
http://permalink.snl.ch/bib/chbsg000104852	Erne 1988
http://permalink.snl.ch/bib/chbsg000151042	Ernst 1879
http://permalink.snl.ch/bib/chbsg000067779	Escher 1692
http://permalink.snl.ch/bib/chbsg000137320	Escher 1842
http://permalink.snl.ch/bib/chbsg000136588	Escher 1906
http://permalink.snl.ch/bib/chbsg000136488	Escher 1907
http://permalink.snl.ch/bib/chbsg000135004	Escher 1911
http://permalink.snl.ch/bib/chbsg000135003	Escher 1915
http://permalink.snl.ch/bib/chbsg000135546	Escher 1918
http://permalink.snl.ch/bib/chbsg000136647	Escher 1937
http://permalink.snl.ch/bib/chbsg000137127	Escher, Rechnungen
http://permalink.snl.ch/bib/chbsg000135550	Escher/Wachter 1917
http://permalink.snl.ch/bib/chbsg000135235	Etter 1955
http://permalink.snl.ch/bib/chbsg000137909	Etter 1968
http://permalink.snl.ch/bib/chbsg000082382	Etter 1987
http://permalink.snl.ch/bib/chbsg000151172	Eubel 1913-1978
http://permalink.snl.ch/bib/chbsg000062147	Eugster 1991
http://permalink.snl.ch/bib/chbsg000113991	Eugster 1991a
http://permalink.snl.ch/bib/chbsg000138196	Eugster 1995
http://permalink.snl.ch/bib/chbsg000138197	Eugster 1995a
http://permalink.snl.ch/bib/chbsg000138198	Eugster 1995b
http://permalink.snl.ch/bib/chbsg000007513	Eugster 1999
http://permalink.snl.ch/bib/chbsg000151001	Eugster 2002
http://permalink.snl.ch/bib/chbsg991001220742603977	Exenberger et al. 2015
http://permalink.snl.ch/bib/chbsg000138619	Fabian 1974
http://permalink.snl.ch/bib/chbsg000135002	Faesch 1931
http://permalink.snl.ch/bib/chbsg991001194749703977	Faggion et al. 2008
http://permalink.snl.ch/bib/chbsg000142296	Farel 1930
http://permalink.snl.ch/bib/chbsg000136570	Farner 1899
http://permalink.snl.ch/bib/chbsg000136593	Farner 1906
http://permalink.snl.ch/bib/chbsg000141404	Favarger 1966
http://permalink.snl.ch/bib/chbsg000141406	Favarger 1967
http://permalink.snl.ch/bib/chbsg000141419	Favarger 1970
http://permalink.snl.ch/bib/chbsg000141434	Favarger 1970a
http://permalink.snl.ch/bib/chbsg000142397	Favarger 1970b
http://permalink.snl.ch/bib/chbsg000141435	Favarger 1972
http://permalink.snl.ch/bib/chbsg000141484	Favarger 1972a
http://permalink.snl.ch/bib/chbsg000075329 ; http://permalink.snl.ch/bib/chbsg000141486	Favarger 1976
http://permalink.snl.ch/bib/chbsg000138828	FDS TI A 1
http://permalink.snl.ch/bib/chbsg000138829	FDS TI C 1
http://permalink.snl.ch/bib/chbsg000139904	Feer 1964
http://permalink.snl.ch/bib/chbsg000072065	Feger, Chronik
http://permalink.snl.ch/bib/chbsg000142595	Felder 1911
http://permalink.snl.ch/bib/chbsg000074530	Félix 1986
http://permalink.snl.ch/bib/chbsg991001201449403977	Félix 1999
http://permalink.snl.ch/bib/chbsg000138607	Fiez 1932
http://permalink.snl.ch/bib/chbsg000143331	Figi 1951
http://permalink.snl.ch/bib/chbsg000073897	Flouck et al. 1998 ; Kamber dans Flouck et al 1998
http://permalink.snl.ch/bib/chbsg000138610	Forrer, Waldmannsche Spruchbriefe
http://permalink.snl.ch/bib/chbsg991001173948503977	Franco 2012
http://permalink.snl.ch/bib/chbsg000084099	Frascoli 1997
http://permalink.snl.ch/bib/chbsg000111632	Frei 1993
http://permalink.snl.ch/bib/chbsg000043695	Frei 2004
http://permalink.snl.ch/bib/chbsg000047171	Frei 2006
http://permalink.snl.ch/bib/chbsg000127129	Frei 2011
http://permalink.snl.ch/bib/chbsg000117031	Frei/Klee 2010
http://permalink.snl.ch/bib/chbsg000135572	Frenz 1986
http://permalink.snl.ch/bib/chbsg000138321	Frey 1911
http://permalink.snl.ch/bib/chbsg000112924	Frey 1989
http://permalink.snl.ch/bib/chbsg000046575	Frey 2005
http://permalink.snl.ch/bib/chbsg000145044	Frey 2017
http://permalink.snl.ch/bib/chbsg000141204	Frick 1982
http://permalink.snl.ch/bib/chbsg000137212	Friess 1998
http://permalink.snl.ch/bib/chbsg000138128	Fritzsche 1964
http://permalink.snl.ch/bib/chbsg000076061	Fröhlich 1993
http://permalink.snl.ch/bib/chbsg000150484	FUB, Bd. 2
http://permalink.snl.ch/bib/chbsg000090748	Fuchs 1983
http://permalink.snl.ch/bib/chbsg000151028	Fuhrer/Eyer 2006
http://permalink.snl.ch/bib/chbsg991001180449003977	Fuhrmann 2014
http://permalink.snl.ch/bib/chbsg000110466	Fumasoli 1981
http://permalink.snl.ch/bib/chbsg000094393	Furrer 1995
http://permalink.snl.ch/bib/chbsg000130082	Furrer 2011
http://permalink.snl.ch/bib/chbsg000090995	Gabathuler 1981
http://permalink.snl.ch/bib/chbsg000109488	Gabathuler 1989
http://permalink.snl.ch/bib/chbsg000007877	Gabathuler 1999a
http://permalink.snl.ch/bib/chbsg000007881	Gabathuler 1999b
http://permalink.snl.ch/bib/chbsg000040680	Gabathuler 2004
http://permalink.snl.ch/bib/chbsg000141200	Gabathuler 2005b
http://permalink.snl.ch/bib/chbsg000047765	Gabathuler 2006
http://permalink.snl.ch/bib/chbsg000052653	Gabathuler 2007
http://permalink.snl.ch/bib/chbsg000052680	Gabathuler 2007b
http://permalink.snl.ch/bib/chbsg000118195	Gabathuler 2008
http://permalink.snl.ch/bib/chbsg000118350	Gabathuler 2009a
http://permalink.snl.ch/bib/chbsg000117578	Gabathuler 2009b
http://permalink.snl.ch/bib/chbsg000118351	Gabathuler 2009c
http://permalink.snl.ch/bib/chbsg000124559	Gabathuler 2010
http://permalink.snl.ch/bib/chbsg000141269	Gabathuler 2010a
http://permalink.snl.ch/bib/chbsg991001200548303977	Gabathuler 2010b
http://permalink.snl.ch/bib/chbsg000120687	Gabathuler 2010c
http://permalink.snl.ch/bib/chbsg000124577	Gabathuler 2011
http://permalink.snl.ch/bib/chbsg000124601	Gabathuler 2012
http://permalink.snl.ch/bib/chbsg000124619	Gabathuler 2012a
http://permalink.snl.ch/bib/chbsg000150450	Gabathuler 2015
http://permalink.snl.ch/bib/chbsg000150449	Gabathuler 2016
http://permalink.snl.ch/bib/chbsg000150288	Gabathuler 2017
http://permalink.snl.ch/bib/chbsg991001170748703977	Gabathuler 2018
http://permalink.snl.ch/bib/chbsg000043632	Gäbler 2004
http://permalink.snl.ch/bib/chbsg000136489	Gagliardi 1908
http://permalink.snl.ch/bib/chbsg000137693	Gagliardi, Waldmann
http://permalink.snl.ch/bib/chbsg000138883	Gagliardi/Forrer 1982
http://permalink.snl.ch/bib/chbsg991001204748903977	Gallone 1972
http://permalink.snl.ch/bib/chbsg000129482	Gamper/Niederhäuser 2011
http://permalink.snl.ch/bib/chbsg000104927	Gantenbein 1996
http://permalink.snl.ch/bib/chbsg000137400	Ganz 1897
http://permalink.snl.ch/bib/chbsg000136575	Ganz 1900
http://permalink.snl.ch/bib/chbsg000135248	Ganz 1925
http://permalink.snl.ch/bib/chbsg000137453	Ganz 1954
http://permalink.snl.ch/bib/chbsg000151043	Ganz 1958
http://permalink.snl.ch/bib/chbsg000136285	Ganz 1959
http://permalink.snl.ch/bib/chbsg000151044	Ganz 1960
http://permalink.snl.ch/bib/chbsg000136286	Ganz 1965
http://permalink.snl.ch/bib/chbsg000135587	Ganz 1966
http://permalink.snl.ch/bib/chbsg000136287	Ganz 1967
http://permalink.snl.ch/bib/chbsg000136288	Ganz 1969
http://permalink.snl.ch/bib/chbsg000089214	Gassner 1998
http://permalink.snl.ch/bib/chbsg000138203	Geilinger 1938
http://permalink.snl.ch/bib/chbsg000096346	Gerber 1994
http://permalink.snl.ch/bib/chbsg000024635	Gerber 2001
http://permalink.snl.ch/bib/chbsg000131998	Gerber 2012
http://permalink.snl.ch/bib/chbsg000100848	Germann 1994
http://permalink.snl.ch/bib/chbsg000123317	Geschichte des Kantons Schwyz 2012
http://permalink.snl.ch/bib/chbsg000081507	GHS
http://permalink.snl.ch/bib/chbsg991001174249803977	Giesecke 1991
http://permalink.snl.ch/bib/chbsg000151029	Giger 1990
http://permalink.snl.ch/bib/chbsg000137516	Giger 1993
http://permalink.snl.ch/bib/chbsg000151167	Gilomen 1984
http://permalink.snl.ch/bib/chbsg000138269	Gilomen 1994
http://permalink.snl.ch/bib/chbsg000151030	Gilomen 1994a
http://permalink.snl.ch/bib/chbsg000138270	Gilomen 1995
http://permalink.snl.ch/bib/chbsg000095354	Gilomen 1996
http://permalink.snl.ch/bib/chbsg000013187	Gilomen 2000
http://permalink.snl.ch/bib/chbsg000125437	Gilomen 2002a
http://permalink.snl.ch/bib/chbsg000135575	Gilomen 2009
http://permalink.snl.ch/bib/chbsg000051173	Gilomen 2009a
http://permalink.snl.ch/bib/chbsg000136543	Girsberger 1895
http://permalink.snl.ch/bib/chbsg000151045	Gisler 1992
http://permalink.snl.ch/bib/chbsg000137279	Glaettli 1937
http://permalink.snl.ch/bib/chbsg000139720	Glauser 1961
http://permalink.snl.ch/bib/chbsg000138415	Glitsch 1917
http://permalink.snl.ch/bib/chbsg000138622	Glückshafenrodel
http://permalink.snl.ch/bib/chbsg991001191949703977	Gmür 1905
http://permalink.snl.ch/bib/chbsg991001220742403977	Golden et al. 2006
http://permalink.snl.ch/bib/chbsg000025040	Gollnick 2001
http://permalink.snl.ch/bib/chbsg991001190347803977	Gonon 1968
http://permalink.snl.ch/bib/chbsg000141047	Good 2006
http://permalink.snl.ch/bib/chbsg000072452	Gordon 1992
http://permalink.snl.ch/bib/chbsg000023165	Göttler 2001
http://permalink.snl.ch/bib/chbsg000144854	Göttmann 1977
http://permalink.snl.ch/bib/chbsg000082860	GPSR
http://permalink.snl.ch/bib/chbsg000142272	Graber 1957
http://permalink.snl.ch/bib/chbsg000142628	Graber 2000
http://permalink.snl.ch/bib/chbsg000140856	Graber 2001
http://permalink.snl.ch/bib/chbsg000038423	Graber 2003
http://permalink.snl.ch/bib/chbsg000037397	Graber 2003a
http://permalink.snl.ch/bib/chbsg000045610	Graber 2005
http://permalink.snl.ch/bib/chbsg000150357	Graber, Urkunden
http://permalink.snl.ch/bib/chbsg000137913	Graf 1941
http://permalink.snl.ch/bib/chbsg991001175449703977	Grenacher-Berthoud 1972
http://permalink.snl.ch/bib/chbsg000135604	Griesel 1994
http://permalink.snl.ch/bib/chbsg000112070	Griesel 1995
http://permalink.snl.ch/bib/chbsg000135636	Grimm, Weisthümer
http://permalink.snl.ch/bib/chbsg000144843	Groebner 2004
http://permalink.snl.ch/bib/chbsg991001174649803977	Grossmann 1927
http://permalink.snl.ch/bib/chbsg000138106	Grotefend 1971
http://permalink.snl.ch/bib/chbsg000063422	Grunder/Pantli 1991
http://permalink.snl.ch/bib/chbsg000142711	Grünenfelder 1941
http://permalink.snl.ch/bib/chbsg000137733	Grünenfelder 2007
http://permalink.snl.ch/bib/chbsg000137209	Grüth, Vorrede
http://permalink.snl.ch/bib/chbsg000141069	Gschwend 2006
http://permalink.snl.ch/bib/chbsg000053827	Gschwend 2008
http://permalink.snl.ch/bib/chbsg000144855	Gschwend 2010
http://permalink.snl.ch/bib/chbsg000032476	Guddal 2003
http://permalink.snl.ch/bib/chbsg000069882	Guex 1986
http://permalink.snl.ch/bib/chbsg000116085	Gugerli 1988
http://permalink.snl.ch/bib/chbsg000138323	Guggenbühl 1912
http://permalink.snl.ch/bib/chbsg000142289	Guibert 1972
http://permalink.snl.ch/bib/chbsg000150645	Gurt 1993-1995
http://permalink.snl.ch/bib/chbsg000142665	Gurt 1995
http://permalink.snl.ch/bib/chbsg000076716	Gut 1979
http://permalink.snl.ch/bib/chbsg000078466	Gut 1979a
http://permalink.snl.ch/bib/chbsg000081202	Gut 1981-1982
http://permalink.snl.ch/bib/chbsg000109616	Gut 1995
http://permalink.snl.ch/bib/chbsg000020597	Gut 2000
http://permalink.snl.ch/bib/chbsg000135595	Gutjahr 1906
http://permalink.snl.ch/bib/chbsg000124460	Gutmann 2010
http://permalink.snl.ch/bib/chbsg000138616	Guyer 1943
http://permalink.snl.ch/bib/chbsg000137257	Guyer 1966
http://permalink.snl.ch/bib/chbsg000081919	Guyer 1980
http://permalink.snl.ch/bib/chbsg000053600	Gysel 2010
http://permalink.snl.ch/bib/chbsg000150452	Haase 1978
http://permalink.snl.ch/bib/chbsg991001175843503977	Häberle 1972
http://permalink.snl.ch/bib/chbsg000106833	Häberle 1982
http://permalink.snl.ch/bib/chbsg000151402	Häberle 1985
http://permalink.snl.ch/bib/chbsg000135634	Habsburgisches Urbar
http://permalink.snl.ch/bib/chbsg000046512	Hacke 2005
http://permalink.snl.ch/bib/chbsg000151418	Haerle 1993
http://permalink.snl.ch/bib/chbsg000055155	Häfeli 2009
http://permalink.snl.ch/bib/chbsg000054237	Hagemann 2009
http://permalink.snl.ch/bib/chbsg000081988	Hagmann 1984
http://permalink.snl.ch/bib/chbsg000136725	Hakios 1963
http://permalink.snl.ch/bib/chbsg000139010	Halter 1956
http://permalink.snl.ch/bib/chbsg000031338	Halter-Pernet 2002
http://permalink.snl.ch/bib/chbsg000134342	Halter-Pernet 2014
http://permalink.snl.ch/bib/chbsg000143307	Hammer 1973
http://permalink.snl.ch/bib/chbsg000151046	Hämmerli 1940
http://permalink.snl.ch/bib/chbsg000135541	Hauser 1899
http://permalink.snl.ch/bib/chbsg000137914	Hauser 1901
http://permalink.snl.ch/bib/chbsg000136507	Hauser 1903
http://permalink.snl.ch/bib/chbsg000143815	Hauser 1906
http://permalink.snl.ch/bib/chbsg991001180649703977	Hauser 1906a
http://permalink.snl.ch/bib/chbsg000137916	Hauser 1907
http://permalink.snl.ch/bib/chbsg000136508	Hauser 1909
http://permalink.snl.ch/bib/chbsg000135362	Hauser 1912
http://permalink.snl.ch/bib/chbsg000137379	Hauser 1912a
http://permalink.snl.ch/bib/chbsg000135487	Hauser 1917
http://permalink.snl.ch/bib/chbsg000135485	Hauser 1918
http://permalink.snl.ch/bib/chbsg000136616	Hauser 1919
http://permalink.snl.ch/bib/chbsg000137519	Hauser 1936
http://permalink.snl.ch/bib/chbsg000136664	Hauser 1941
http://permalink.snl.ch/bib/chbsg000139022	Hauser 1973
http://permalink.snl.ch/bib/chbsg991001175843603977	Hausmair/Signori, Baugerichtsprotokolle
http://permalink.snl.ch/bib/chbsg000137087	Hauswirth 1967
http://permalink.snl.ch/bib/chbsg000136784	Hauswirth 1973
http://permalink.snl.ch/bib/chbsg000069755	HBBW
http://permalink.snl.ch/bib/chbsg000135528	HBLS
http://permalink.snl.ch/bib/chbsg000130744	HCN 1
http://permalink.snl.ch/bib/chbsg000119363	HCN 2
http://permalink.snl.ch/bib/chbsg000136636	Hedinger 1925
http://permalink.snl.ch/bib/chbsg000136652	Hedinger 1936
http://permalink.snl.ch/bib/chbsg000137604	Hedinger 1958
http://permalink.snl.ch/bib/chbsg000118346	Heeb 2009
http://permalink.snl.ch/bib/chbsg000077518	Heeb-Hilty 1987
http://permalink.snl.ch/bib/chbsg991001200548203977	Heer 1916
http://permalink.snl.ch/bib/chbsg000139041	Hegi 1912
http://permalink.snl.ch/bib/chbsg000133823	Hegi 1922
http://permalink.snl.ch/bib/chbsg000136621	Hegi 1923-1926
http://permalink.snl.ch/bib/chbsg000139023	Heierle 1949
http://permalink.snl.ch/bib/chbsg991001180049803977	Heimann 1992
http://permalink.snl.ch/bib/chbsg000143754	Heinig 1997
http://permalink.snl.ch/bib/chbsg000151047	Helbling 1919
http://permalink.snl.ch/bib/chbsg000151002	Helbling 2002
http://permalink.snl.ch/bib/chbsg000151403	Helbling 2002a
http://permalink.snl.ch/bib/chbsg000150642	Helbock Reg.
http://permalink.snl.ch/bib/chbsg000137450	Helfenstein 1972
http://permalink.snl.ch/bib/chbsg000096633	Helfenstein 1980
http://permalink.snl.ch/bib/chbsg000065536	Helfenstein 1985
http://permalink.snl.ch/bib/chbsg000059115	Helfenstein 1988
http://permalink.snl.ch/bib/chbsg991001205949803977	Henne, Klingenberger Chronik
http://permalink.snl.ch/bib/chbsg000144851	Hennrich 2003
http://permalink.snl.ch/bib/chbsg000056573	Henrich 2010
http://permalink.snl.ch/bib/chbsg000073400	Henry 1984
http://permalink.snl.ch/bib/chbsg000142189	Henry 2005
http://permalink.snl.ch/bib/chbsg000142298	Herold 1936
http://permalink.snl.ch/bib/chbsg000137713	Herzog 1942
http://permalink.snl.ch/bib/chbsg000073503	Hess 1991
http://permalink.snl.ch/bib/chbsg000151048	Heuscher 1908
http://permalink.snl.ch/bib/chbsg000151003	Heusinger 2002
http://permalink.snl.ch/bib/chbsg000119281	Heusinger 2011
http://permalink.snl.ch/bib/chbsg000142666	Hidber, Urkundenregister
http://permalink.snl.ch/bib/chbsg991001200547903977	Hill 2004
http://permalink.snl.ch/bib/chbsg000142779	Hilty 1898
http://permalink.snl.ch/bib/chbsg000142778	Hilty 1906
http://permalink.snl.ch/bib/chbsg000142785	Hilty-Kunz 1900
http://permalink.snl.ch/bib/chbsg000150349	Hirschmann 2009
http://permalink.snl.ch/bib/chbsg000145816	Hitz 2013
http://permalink.snl.ch/bib/chbsg000143753	Hlaváček 1970
http://permalink.snl.ch/bib/chbsg000030960	HLS
http://permalink.snl.ch/bib/chbsg991001200548103977	Hofer-Wild 1949
http://permalink.snl.ch/bib/chbsg000151060	Höfler/Illi 1992
http://permalink.snl.ch/bib/chbsg000086098	Holenstein 1991
http://permalink.snl.ch/bib/chbsg000151072	Hollenweger 1987
http://permalink.snl.ch/bib/chbsg991001175849503977	Holthöfer 1997
http://permalink.snl.ch/bib/chbsg000137152	Hoppeler 1908
http://permalink.snl.ch/bib/chbsg000137610	Hoppeler 1921-1922
http://permalink.snl.ch/bib/chbsg000137472	Hoppeler 1923
http://permalink.snl.ch/bib/chbsg000136631	Hoppeler 1924
http://permalink.snl.ch/bib/chbsg000137474	Hoppeler 1924a
http://permalink.snl.ch/bib/chbsg000136634	Hoppeler 1925
http://permalink.snl.ch/bib/chbsg000136378	Hoppeler 1927
http://permalink.snl.ch/bib/chbsg000137149	Hoppeler, Beitrag
http://permalink.snl.ch/bib/chbsg000137150	Hoppeler, Burgrecht
http://permalink.snl.ch/bib/chbsg000137151	Hoppeler, Winterthur
http://permalink.snl.ch/bib/chbsg000151166	Hottinger 1825-1829
http://permalink.snl.ch/bib/chbsg000137144	Hottinger 1855
http://permalink.snl.ch/bib/chbsg000136339	Hottinger, Beschwerdeschriften
http://permalink.snl.ch/bib/chbsg000151049	Hotz 1868
http://permalink.snl.ch/bib/chbsg000135522	Hotz, UB Schwamendingen
http://permalink.snl.ch/bib/chbsg000142353	HPN 1
http://permalink.snl.ch/bib/chbsg000142589	HPN 2
http://permalink.snl.ch/bib/chbsg000142448	HPN 3
http://permalink.snl.ch/bib/chbsg000150482	HRG
http://permalink.snl.ch/bib/chbsg991001180648103977	HRG (2. Aufl.)
http://permalink.snl.ch/bib/chbsg000138053	HS
http://permalink.snl.ch/bib/chbsg000077738	HS I
http://permalink.snl.ch/bib/chbsg000150988	HS I/1
http://permalink.snl.ch/bib/chbsg000150989	HS I/2
http://permalink.snl.ch/bib/chbsg000150990	HS I/3
http://permalink.snl.ch/bib/chbsg000150991	HS I/4
http://permalink.snl.ch/bib/chbsg000150992	HS I/5
http://permalink.snl.ch/bib/chbsg000150993	HS I/6
http://permalink.snl.ch/bib/chbsg000071825	HS II/1
http://permalink.snl.ch/bib/chbsg000113473	HS II/2
http://permalink.snl.ch/bib/chbsg000096614	HS III
http://permalink.snl.ch/bib/chbsg000151004	HS III/1
http://permalink.snl.ch/bib/chbsg000151005	HS III/2
http://permalink.snl.ch/bib/chbsg000150994	HS III/3
http://permalink.snl.ch/bib/chbsg000151006	HS III/4
http://permalink.snl.ch/bib/chbsg000096613	HS IV
http://permalink.snl.ch/bib/chbsg000084708	HS IX/1
http://permalink.snl.ch/bib/chbsg000066985	HS IX/2
http://permalink.snl.ch/bib/chbsg000084707	HS V/1
http://permalink.snl.ch/bib/chbsg000101023	HS VII
http://permalink.snl.ch/bib/chbsg000139028	Huber 1929
http://permalink.snl.ch/bib/chbsg000151050	Huber 1958
http://permalink.snl.ch/bib/chbsg000133907	Hubmann 1954
http://permalink.snl.ch/bib/chbsg000133908	Hubmann 1956
http://permalink.snl.ch/bib/chbsg000049323	Hübner 2007
http://permalink.snl.ch/bib/chbsg000136417	Hug 1965
http://permalink.snl.ch/bib/chbsg000024101	Hugener 2001
http://permalink.snl.ch/bib/chbsg000039118	Hugener 2004
http://permalink.snl.ch/bib/chbsg000116824	Hugener 2009
http://permalink.snl.ch/bib/chbsg000130889	Hugener 2014
http://permalink.snl.ch/bib/chbsg000142477	Huguenin et al. 1790
http://permalink.snl.ch/bib/chbsg000142461	Humbert 1973
http://permalink.snl.ch/bib/chbsg000137695	Hunziker, Unruhen
http://permalink.snl.ch/bib/chbsg000151051	Hürlimann 1966
http://permalink.snl.ch/bib/chbsg000134619	Hürlimann 1999
http://permalink.snl.ch/bib/chbsg000013915	Hürlimann 2000
http://permalink.snl.ch/bib/chbsg000023734	Hürlimann 2001
http://permalink.snl.ch/bib/chbsg000027727	Hürlimann 2001a
http://permalink.snl.ch/bib/chbsg000028500	Hürlimann 2001b
http://permalink.snl.ch/bib/chbsg000044050	Hürlimann 2003
http://permalink.snl.ch/bib/chbsg000137606	Hürlimann 2003a
http://permalink.snl.ch/bib/chbsg000039614	Hürlimann 2004
http://permalink.snl.ch/bib/chbsg000142276	Hurny 1910
http://permalink.snl.ch/bib/chbsg000139025	Hüssy 1946
http://permalink.snl.ch/bib/chbsg000151168	Hüssy 1946a
http://permalink.snl.ch/bib/chbsg000137086	Hüssy 1946b
http://permalink.snl.ch/bib/chbsg000104870	Idiotikon
http://permalink.snl.ch/bib/chbsg000151052	Illi 1987
http://permalink.snl.ch/bib/chbsg000114159	Illi 1992
http://permalink.snl.ch/bib/chbsg000135533	Illi 1993
http://permalink.snl.ch/bib/chbsg000151176	Illi 1993a
http://permalink.snl.ch/bib/chbsg000036932	Illi 2003
http://permalink.snl.ch/bib/chbsg000127833	Ineichen 2011
http://permalink.snl.ch/bib/chbsg000070326	Inhelder 1992
http://permalink.snl.ch/bib/chbsg000105516	Irniger 1991
http://permalink.snl.ch/bib/chbsg000144841	Irniger 1996
http://permalink.snl.ch/bib/chbsg000150123	Irsigler 2004
http://permalink.snl.ch/bib/chbsg000135540	Isenmann 2002
http://permalink.snl.ch/bib/chbsg000135571	Isenmann 2012
http://permalink.snl.ch/bib/chbsg000087160	IWQZH
http://permalink.snl.ch/bib/chbsg000077848	Jaccard 1978
http://permalink.snl.ch/bib/chbsg000133402	Jaccard 1978
http://permalink.snl.ch/bib/chbsg000136607	Jacob 1907
http://permalink.snl.ch/bib/chbsg000139018	Jacob 1970
http://permalink.snl.ch/bib/chbsg000045605	Jacober 2005
http://permalink.snl.ch/bib/chbsg991001190348103977	Jacques-Chaquin et al. 1993
http://permalink.snl.ch/bib/chbsg000137737	Jaeger 2008
http://permalink.snl.ch/bib/chbsg000137922	Jahrtausendfeier Hottingen 1946
http://permalink.snl.ch/bib/chbsg000137147	Jecklin 1891
http://permalink.snl.ch/bib/chbsg000141324	Jecklin, Griffenseer Kopialbuch
http://permalink.snl.ch/bib/chbsg991001201449103977	Jeger 2002
http://permalink.snl.ch/bib/chbsg000110407	Jenny, Urkunden-Sammlung
http://permalink.snl.ch/bib/chbsg991001177249203977	Jezler 1990
http://permalink.snl.ch/bib/chbsg000151031	Jezler 2000
http://permalink.snl.ch/bib/chbsg000113166	Jezler et al. 1984
http://permalink.snl.ch/bib/chbsg000151163	Johannes von Winterthur
http://permalink.snl.ch/bib/chbsg000150274	Joos 1958
http://permalink.snl.ch/bib/chbsg000151407	Jucker 2002
http://permalink.snl.ch/bib/chbsg000138247	Just/Weigl 2008
http://permalink.snl.ch/bib/chbsg991001180448903977	Kabus 2000
http://permalink.snl.ch/bib/chbsg000150348	Kaiser 1847
http://permalink.snl.ch/bib/chbsg000070034	Kaiser 1985
http://permalink.snl.ch/bib/chbsg000101675	Kaiser 1990a
http://permalink.snl.ch/bib/chbsg000085767	Kaiser 1990b
http://permalink.snl.ch/bib/chbsg000101647	Kaiser 1996
http://permalink.snl.ch/bib/chbsg000124571	Kaiser 2011
http://permalink.snl.ch/bib/chbsg000137608	Kajatin 2003
http://permalink.snl.ch/bib/chbsg000149401	Kälble 2003
http://permalink.snl.ch/bib/chbsg000011079	Kälin-Pittier 1999
http://permalink.snl.ch/bib/chbsg000071624	Kamber 1982
http://permalink.snl.ch/bib/chbsg000053356	Kamber 2010
http://permalink.snl.ch/bib/chbsg000151032	Kamber/Keller 1996
http://permalink.snl.ch/bib/chbsg000088506	Kaufmann 1988
http://permalink.snl.ch/bib/chbsg000137763	KdS ZH I
http://permalink.snl.ch/bib/chbsg000137764	KdS ZH II
http://permalink.snl.ch/bib/chbsg000135537	KdS ZH III
http://permalink.snl.ch/bib/chbsg000137765	KdS ZH IV
http://permalink.snl.ch/bib/chbsg000137771	KdS ZH IX
http://permalink.snl.ch/bib/chbsg000137895	KdS ZH NA I
http://permalink.snl.ch/bib/chbsg000137897	KdS ZH NA II.I
http://permalink.snl.ch/bib/chbsg000137900	KdS ZH NA II.II
http://permalink.snl.ch/bib/chbsg000135635	KdS ZH NA III.I
http://permalink.snl.ch/bib/chbsg000137902	KdS ZH NA III.II
http://permalink.snl.ch/bib/chbsg000137903	KdS ZH NA IV
http://permalink.snl.ch/bib/chbsg000134493	KdS ZH NA V
http://permalink.snl.ch/bib/chbsg000137766	KdS ZH V
http://permalink.snl.ch/bib/chbsg000137768	KdS ZH VI
http://permalink.snl.ch/bib/chbsg000137769	KdS ZH VII
http://permalink.snl.ch/bib/chbsg000137770	KdS ZH VIII
http://permalink.snl.ch/bib/chbsg000137275	Keller 1932
http://permalink.snl.ch/bib/chbsg000137277	Keller 1932a
http://permalink.snl.ch/bib/chbsg000144848	Keller 1935
http://permalink.snl.ch/bib/chbsg000055164	Keller/Niederhäuser 2009
http://permalink.snl.ch/bib/chbsg000051034	Keller/Steinke 2008
http://permalink.snl.ch/bib/chbsg000136566	Keller-Escher 1898
http://permalink.snl.ch/bib/chbsg000141767	Kernen 1967
http://permalink.snl.ch/bib/chbsg000081018	Kessler 1985
http://permalink.snl.ch/bib/chbsg000087276	Kessler 1989a
http://permalink.snl.ch/bib/chbsg000141008	Kessler 1989b
http://permalink.snl.ch/bib/chbsg000081782	Kessler 1996
http://permalink.snl.ch/bib/chbsg000150125	Kiessling 2004
http://permalink.snl.ch/bib/chbsg000139037	Kilchenmann 1946
http://permalink.snl.ch/bib/chbsg000138205	Kisch 1978
http://permalink.snl.ch/bib/chbsg000138207	Kisch 1978a
http://permalink.snl.ch/bib/chbsg000151074	Klaassen 1996
http://permalink.snl.ch/bib/chbsg000137526	Kläui 1947
http://permalink.snl.ch/bib/chbsg000137242	Kläui 1947a
http://permalink.snl.ch/bib/chbsg000151068	Kläui 1951
http://permalink.snl.ch/bib/chbsg000151096	Kläui 1956
http://permalink.snl.ch/bib/chbsg000135638	Kläui 1958
http://permalink.snl.ch/bib/chbsg000136886	Kläui 1959
http://permalink.snl.ch/bib/chbsg000138134	Kläui 1960
http://permalink.snl.ch/bib/chbsg000135239	Kläui 1961
http://permalink.snl.ch/bib/chbsg000138212	Kläui 1962
http://permalink.snl.ch/bib/chbsg000135535	Kläui 1964
http://permalink.snl.ch/bib/chbsg000137525	Kläui 1964b
http://permalink.snl.ch/bib/chbsg000136289	Kläui 1967
http://permalink.snl.ch/bib/chbsg000135484	Kläui 1968
http://permalink.snl.ch/bib/chbsg000136771	Kläui 1969
http://permalink.snl.ch/bib/chbsg000136290	Kläui 1973
http://permalink.snl.ch/bib/chbsg000135534	Kläui 1985
http://permalink.snl.ch/bib/chbsg000139039	Kläui/Imhof 1951
http://permalink.snl.ch/bib/chbsg000137927	Kläui/Leemann 1969
http://permalink.snl.ch/bib/chbsg000047082	Klee 2006
http://permalink.snl.ch/bib/chbsg000150122	Knittler 2006
http://permalink.snl.ch/bib/chbsg000030657	Koch 2002
http://permalink.snl.ch/bib/chbsg991001180045403977	Kocher 1971
http://permalink.snl.ch/bib/chbsg991001204548203977	Kohler 1922
http://permalink.snl.ch/bib/chbsg000139347	Köhler 1932
http://permalink.snl.ch/bib/chbsg000109991	Köhn 1990
http://permalink.snl.ch/bib/chbsg000090144	Köhn 1993
http://permalink.snl.ch/bib/chbsg000112165	Köppel 1991
http://permalink.snl.ch/bib/chbsg000143817	Korger 1941
http://permalink.snl.ch/bib/chbsg000092201	Körner 1981
http://permalink.snl.ch/bib/chbsg000151033	Körner 1997
http://permalink.snl.ch/bib/chbsg000023541	Körner et al. 2001
http://permalink.snl.ch/bib/chbsg000114522	Kottmann/Hämmerle 1996
http://permalink.snl.ch/bib/chbsg000150457	Krausen, Urkunden
http://permalink.snl.ch/bib/chbsg000137456	Krebs, Nachlese
http://permalink.snl.ch/bib/chbsg000138318	Kreis 1909
http://permalink.snl.ch/bib/chbsg000141314	Kreis 1923
http://permalink.snl.ch/bib/chbsg000141369	Krüger Regesten
http://permalink.snl.ch/bib/chbsg991001200547703977	Krumm 2018
http://permalink.snl.ch/bib/chbsg000139748	Kubly-Müller 1927
http://permalink.snl.ch/bib/chbsg000069275	Kuhn 1994
http://permalink.snl.ch/bib/chbsg000137958	Kunz 1948
http://permalink.snl.ch/bib/chbsg000082062	Kunzmann 1983
http://permalink.snl.ch/bib/chbsg000051753	Kupper 2009
http://permalink.snl.ch/bib/chbsg000082028	Kuratli 1984
http://permalink.snl.ch/bib/chbsg000142602	Kuratli 1984a
http://permalink.snl.ch/bib/chbsg000110853	Kuster 1991
http://permalink.snl.ch/bib/chbsg000101708	Kuster 1995
http://permalink.snl.ch/bib/chbsg000046465	Kuster 2006
http://permalink.snl.ch/bib/chbsg000125480	Kuster 2012
http://permalink.snl.ch/bib/chbsg000065568	Kuster et al. 1998
http://permalink.snl.ch/bib/chbsg000137511	Labhart-Labhart 1879
http://permalink.snl.ch/bib/chbsg000137360	Labhart-Labhart 1881
http://permalink.snl.ch/bib/chbsg991001180448603977	Labouvie 1993
http://permalink.snl.ch/bib/chbsg991001180049703977	Lackner 2002
http://permalink.snl.ch/bib/chbsg000150470	Ladurner 1871/1873
http://permalink.snl.ch/bib/chbsg000143693	Landenberg
http://permalink.snl.ch/bib/chbsg000138160	Landolt 2005
http://permalink.snl.ch/bib/chbsg000151409	Landolt 2007
http://permalink.snl.ch/bib/chbsg000132576	Landolt 2013
http://permalink.snl.ch/bib/chbsg991001180649503977	Landwehr 2004
http://permalink.snl.ch/bib/chbsg000139042	Largiadèr 1920
http://permalink.snl.ch/bib/chbsg000133824	Largiadèr 1922
http://permalink.snl.ch/bib/chbsg000137442	Largiadèr 1932
http://permalink.snl.ch/bib/chbsg000137443	Largiadèr 1935
http://permalink.snl.ch/bib/chbsg000137612	Largiadèr 1936
http://permalink.snl.ch/bib/chbsg000136668	Largiadèr 1942
http://permalink.snl.ch/bib/chbsg000139043	Largiadèr 1945
http://permalink.snl.ch/bib/chbsg000138213	Largiadèr 1950
http://permalink.snl.ch/bib/chbsg000139108	Largiadèr 1952
http://permalink.snl.ch/bib/chbsg000136715	Largiadèr 1961
http://permalink.snl.ch/bib/chbsg000135288	Largiadèr 1965
http://permalink.snl.ch/bib/chbsg000137153	Largiadèr, Urbar
http://permalink.snl.ch/bib/chbsg000100062	Le Saux 1980
http://permalink.snl.ch/bib/chbsg000137081	Leemann-van Elck 1934
http://permalink.snl.ch/bib/chbsg991001177149803977	Leemann-van Elck 1940
http://permalink.snl.ch/bib/chbsg991001177149703977	Leemann-van Elck 1950
http://permalink.snl.ch/bib/chbsg000056469	Leibacher 2008
http://permalink.snl.ch/bib/chbsg000055156	Leibacher 2009
http://permalink.snl.ch/bib/chbsg000093103	Leisibach 1982
http://permalink.snl.ch/bib/chbsg000106834	Lendenmann 1988
http://permalink.snl.ch/bib/chbsg000151410	Lendenmann 1996
http://permalink.snl.ch/bib/chbsg000135488	Lengwiler 1955
http://permalink.snl.ch/bib/chbsg000135536	Leonhard 2002
http://permalink.snl.ch/bib/chbsg000129788	Leonhard 2014
http://permalink.snl.ch/bib/chbsg000151411	Leonhard/Niederhäuser 2003
http://permalink.snl.ch/bib/chbsg000136824	Letsch 2013
http://permalink.snl.ch/bib/chbsg000039521	Leu 2003
http://permalink.snl.ch/bib/chbsg000124197	Leu u. a. 2011
http://permalink.snl.ch/bib/chbsg000046472	Leu/Scheidegger 2007
http://permalink.snl.ch/bib/chbsg991001180648003977	Lexer
http://permalink.snl.ch/bib/chbsg000091417	LexMA
http://permalink.snl.ch/bib/chbsg000143812	Ley 1948
http://permalink.snl.ch/bib/chbsg000142709	Lichnowsky Regesten
http://permalink.snl.ch/bib/chbsg000150356	Liebenau 1889
http://permalink.snl.ch/bib/chbsg000150355	Liebenau 1892
http://permalink.snl.ch/bib/chbsg000138416	Linder 2009
http://permalink.snl.ch/bib/chbsg000143755	Lindner 1882
http://permalink.snl.ch/bib/chbsg000137265	Lipp 1966
http://permalink.snl.ch/bib/chbsg000135244	Lipp 1972
http://permalink.snl.ch/bib/chbsg000135245	Lipp 1972a
http://permalink.snl.ch/bib/chbsg000135241	Lipp 1973
http://permalink.snl.ch/bib/chbsg000135242	Lipp 1973a
http://permalink.snl.ch/bib/chbsg000040685	Lippuner 2004
http://permalink.snl.ch/bib/chbsg991001170748803977	Lippuner 2018
http://permalink.snl.ch/bib/chbsg000142773	Litscher 1919
http://permalink.snl.ch/bib/chbsg000050069	Loetz 2002
http://permalink.snl.ch/bib/chbsg000142304	Loew 1954
http://permalink.snl.ch/bib/chbsg000142459	Loew 1954
http://permalink.snl.ch/bib/chbsg000141761	Loew 1966
http://permalink.snl.ch/bib/chbsg000141765	Loew 1967
http://permalink.snl.ch/bib/chbsg000137307	Lohner, Missive
http://permalink.snl.ch/bib/chbsg000091563	LUB
http://permalink.snl.ch/bib/chbsg000136512	Luginbühl 1907
http://permalink.snl.ch/bib/chbsg000150271	Lürzer, Urbar
http://permalink.snl.ch/bib/chbsg000139120	Lutz 1957
http://permalink.snl.ch/bib/chbsg000136716	Lutz 1962
http://permalink.snl.ch/bib/chbsg000139125	Lutz 1963
http://permalink.snl.ch/bib/chbsg000110112	Maeder 1974
http://permalink.snl.ch/bib/chbsg000144856	Maeder 1977
http://permalink.snl.ch/bib/chbsg000109340	Maier 1996
http://permalink.snl.ch/bib/chbsg000009811	Maier dans Maier et al. 1999
http://permalink.snl.ch/bib/chbsg991001212049503977	Maier dans Paravicini Bagliani et al. 1997
http://permalink.snl.ch/bib/chbsg000090633	Maissen 1990
http://permalink.snl.ch/bib/chbsg000087189	Maissen 1998
http://permalink.snl.ch/bib/chbsg000110130	Maissen 1998a
http://permalink.snl.ch/bib/chbsg000149554	Maissen 2004
http://permalink.snl.ch/bib/chbsg000138276	Malamud 1995
http://permalink.snl.ch/bib/chbsg000036935	Malamud 2003
http://permalink.snl.ch/bib/chbsg000056736	Malamud 2008
http://permalink.snl.ch/bib/chbsg000122111	Malamud 2009
http://permalink.snl.ch/bib/chbsg000125493	Malamud 2012
http://permalink.snl.ch/bib/chbsg000140891	Malamud 2015
http://permalink.snl.ch/bib/chbsg991001180649803977	Malamud 2018
http://permalink.snl.ch/bib/chbsg000012077	Malamud/Sutter 1999
http://permalink.snl.ch/bib/chbsg000101763	Manser 1992
http://permalink.snl.ch/bib/chbsg000105217	Marchal 1986
http://permalink.snl.ch/bib/chbsg000137396	Marmor, Urkunden-Auszüge
http://permalink.snl.ch/bib/chbsg991001204748803977	Martignier 1862
http://permalink.snl.ch/bib/chbsg000149400	Maschke 1967
http://permalink.snl.ch/bib/chbsg000142357	Matile 1836
http://permalink.snl.ch/bib/chbsg000142372	Matile 1837
http://permalink.snl.ch/bib/chbsg000142335	Matile 1838
http://permalink.snl.ch/bib/chbsg000142334	Matile 1838a
http://permalink.snl.ch/bib/chbsg000142513	Matile 1839-1840
http://permalink.snl.ch/bib/chbsg000142333	Matile 1841-1860
http://permalink.snl.ch/bib/chbsg000142512	Matile 1843
http://permalink.snl.ch/bib/chbsg000142369	Matile 1844-1848
http://permalink.snl.ch/bib/chbsg000142370	Matile 1847
http://permalink.snl.ch/bib/chbsg000142510	Matile 1850
http://permalink.snl.ch/bib/chbsg000142373	Matile 1852
http://permalink.snl.ch/bib/chbsg000144151	Matter-Bacon 2016
http://permalink.snl.ch/bib/chbsg000039552	Mattmüller 2003
http://permalink.snl.ch/bib/chbsg000136381	Mayer 1879
http://permalink.snl.ch/bib/chbsg000084087	Meier 1986
http://permalink.snl.ch/bib/chbsg000151419	Meier 1997
http://permalink.snl.ch/bib/chbsg000049448	Meier 2008
http://permalink.snl.ch/bib/chbsg000114223	Meier/Winkler 1993
http://permalink.snl.ch/bib/chbsg000136437	Meili 1977
http://permalink.snl.ch/bib/chbsg000085077	Meili 1980
http://permalink.snl.ch/bib/chbsg000139722	Merz 1901
http://permalink.snl.ch/bib/chbsg000092195	Messmer/Hoppe 1976
http://permalink.snl.ch/bib/chbsg000151162	Metzke 2005
http://permalink.snl.ch/bib/chbsg991001190347703977	Meurger 1993
http://permalink.snl.ch/bib/chbsg000142501	Meuron 1762
http://permalink.snl.ch/bib/chbsg000142504	Meuron 1762b
http://permalink.snl.ch/bib/chbsg000139064	Meuwly et al. 2015
http://permalink.snl.ch/bib/chbsg000151075	Meyer 1933
http://permalink.snl.ch/bib/chbsg000137446	Meyer 1945
http://permalink.snl.ch/bib/chbsg000137447	Meyer 1947
http://permalink.snl.ch/bib/chbsg000137448	Meyer 1947a
http://permalink.snl.ch/bib/chbsg000137449	Meyer 1947b
http://permalink.snl.ch/bib/chbsg000137513	Meyer 1960
http://permalink.snl.ch/bib/chbsg000115950	Meyer 1976
http://permalink.snl.ch/bib/chbsg000114883	Meyer 1986
http://permalink.snl.ch/bib/chbsg000139128	Meyer von Knonau 1844-1846
http://permalink.snl.ch/bib/chbsg000136562	Meyer von Knonau 1897
http://permalink.snl.ch/bib/chbsg000137871	Meyer von Knonau, Cartular
http://permalink.snl.ch/bib/chbsg000135529	Meyer von Knonau, Urkunden
http://permalink.snl.ch/bib/chbsg000151076	Mietlich 1946
http://permalink.snl.ch/bib/chbsg000151070	Milt 1951
http://permalink.snl.ch/bib/chbsg000138248	Mischlewski 1987
http://permalink.snl.ch/bib/chbsg000011207	Modestin 1999
http://permalink.snl.ch/bib/chbsg000015969	Modestin 2000
http://permalink.snl.ch/bib/chbsg000034361	Modestin 2003b
http://permalink.snl.ch/bib/chbsg991001202648503977	Modestin 2006a
http://permalink.snl.ch/bib/chbsg000118833	Modestin 2007
http://permalink.snl.ch/bib/chbsg991001221749803977	Modestin 2007
http://permalink.snl.ch/bib/chbsg000054609	Modestin 2008
http://permalink.snl.ch/bib/chbsg000118801	Modestin 2011
http://permalink.snl.ch/bib/chbsg000142892	Modestin 2012
http://permalink.snl.ch/bib/chbsg000132678	Modestin 2013
http://permalink.snl.ch/bib/chbsg000139095	Modestin 2015a
http://permalink.snl.ch/bib/chbsg000041393	Modestin 2015b
http://permalink.snl.ch/bib/chbsg991001202346203977	Modestin 2015c
http://permalink.snl.ch/bib/chbsg991001202346103977	Modestin 2017
http://permalink.snl.ch/bib/chbsg000122674	Modestin/Ostorero 2008
http://permalink.snl.ch/bib/chbsg991001202049203977	Modestin/Utz Tremp 2002
http://permalink.snl.ch/bib/chbsg000037015	Modestin/Utz Tremp 2003
http://permalink.snl.ch/bib/chbsg000032523	Modestin/Utz Tremp et al. 2002
http://permalink.snl.ch/bib/chbsg991001180049603977	Moeller 1972
http://permalink.snl.ch/bib/chbsg000138884	Mohlberg 1952
http://permalink.snl.ch/bib/chbsg000142708	Mohr CD
http://permalink.snl.ch/bib/chbsg000151077	Möller 2005
http://permalink.snl.ch/bib/chbsg000141641	Montandon 1917
http://permalink.snl.ch/bib/chbsg000141657	Montandon 1918
http://permalink.snl.ch/bib/chbsg000142287	Montandon et al.
http://permalink.snl.ch/bib/chbsg000144847	Moor 1937
http://permalink.snl.ch/bib/chbsg000114686	Moos 1995
http://permalink.snl.ch/bib/chbsg000141911	Morard 1997
http://permalink.snl.ch/bib/chbsg000143739	Moraw 1969
http://permalink.snl.ch/bib/chbsg991001177149603977	Morel, Regesten
http://permalink.snl.ch/bib/chbsg000137613	Morf 1969
http://permalink.snl.ch/bib/chbsg000137090	Morf 1970
http://permalink.snl.ch/bib/chbsg000093305	Mörgeli 1995
http://permalink.snl.ch/bib/chbsg000119681	Moser 2010
http://permalink.snl.ch/bib/chbsg000047508	Motschi/Muntwyler 2006
http://permalink.snl.ch/bib/chbsg000074603	Mottaz 1982
http://permalink.snl.ch/bib/chbsg991001191949803977	Müller 1915
http://permalink.snl.ch/bib/chbsg000150353	Müller 1941
http://permalink.snl.ch/bib/chbsg000137404	Müller 1963
http://permalink.snl.ch/bib/chbsg000150351	Müller 1971
http://permalink.snl.ch/bib/chbsg000137880	Müller 1974
http://permalink.snl.ch/bib/chbsg000079108	Müller 1976
http://permalink.snl.ch/bib/chbsg000137881	Müller 2007
http://permalink.snl.ch/bib/chbsg000123492	Muntwyler 2011
http://permalink.snl.ch/bib/chbsg000123149	Naas 2012
http://permalink.snl.ch/bib/chbsg991001174649503977	Nabholz 1911
http://permalink.snl.ch/bib/chbsg000114890	Nägeli 1992
http://permalink.snl.ch/bib/chbsg000142597	Näscher 1982
http://permalink.snl.ch/bib/chbsg991001190648103977	Naz 1953
http://permalink.snl.ch/bib/chbsg000135577	Neidiger 2011
http://permalink.snl.ch/bib/chbsg000135586	Niederhäuser 1996
http://permalink.snl.ch/bib/chbsg000115935	Niederhäuser 1996a
http://permalink.snl.ch/bib/chbsg000025988	Niederhäuser 2001
http://permalink.snl.ch/bib/chbsg000027697	Niederhäuser 2001a
http://permalink.snl.ch/bib/chbsg000135530	Niederhäuser 2002
http://permalink.snl.ch/bib/chbsg000137609	Niederhäuser 2003
http://permalink.snl.ch/bib/chbsg000044056	Niederhäuser 2003a
http://permalink.snl.ch/bib/chbsg000044328	Niederhäuser 2004
http://permalink.snl.ch/bib/chbsg000045991	Niederhäuser 2005
http://permalink.snl.ch/bib/chbsg000135542	Niederhäuser 2005a
http://permalink.snl.ch/bib/chbsg000051422	Niederhäuser 2006
http://permalink.snl.ch/bib/chbsg000137614	Niederhäuser 2006a
http://permalink.snl.ch/bib/chbsg000137616	Niederhäuser 2007a
http://permalink.snl.ch/bib/chbsg000129787	Niederhäuser 2014
http://permalink.snl.ch/bib/chbsg000135556	Niederhäuser 2014a
http://permalink.snl.ch/bib/chbsg000114430	Niederhäuser/Wild 1998
http://permalink.snl.ch/bib/chbsg000018308	Niederstätter 2000
http://permalink.snl.ch/bib/chbsg000150126	Niederstätter 2004
http://permalink.snl.ch/bib/chbsg991001180049403977	Nowosadtko 1994
http://permalink.snl.ch/bib/chbsg000137930	Nüscheler 1864-1873
http://permalink.snl.ch/bib/chbsg000150468	Oberbadisches Geschlechterbuch 1898-1919
http://permalink.snl.ch/bib/chbsg000030004	Oberholzer 2002
http://permalink.snl.ch/bib/chbsg000045604 ; http://permalink.snl.ch/bib/chbsg000141138	Oberholzer 2005
http://permalink.snl.ch/bib/chbsg000056949	Obrecht 2009
http://permalink.snl.ch/bib/chbsg000136513	Oechsli 1916-1917
http://permalink.snl.ch/bib/chbsg991001180449203977	Oestmann 2015
http://permalink.snl.ch/bib/chbsg000139719	Omlin 1966
http://permalink.snl.ch/bib/chbsg000049490	Opitz et al. 2006
http://permalink.snl.ch/bib/chbsg000137460	Orelli 1854
http://permalink.snl.ch/bib/chbsg000142490	Ostervald 1785
http://permalink.snl.ch/bib/chbsg000051484	Ostorero 1995
http://permalink.snl.ch/bib/chbsg000079676	Ostorero 1995
http://permalink.snl.ch/bib/chbsg000006859	Ostorero 1999
http://permalink.snl.ch/bib/chbsg991001201949603977	Ostorero 2002
http://permalink.snl.ch/bib/chbsg000146953	Ostorero 2005
http://permalink.snl.ch/bib/chbsg991001203149703977	Ostorero 2006
http://permalink.snl.ch/bib/chbsg991001203149603977	Ostorero 2008
http://permalink.snl.ch/bib/chbsg000055619	Ostorero 2010
http://permalink.snl.ch/bib/chbsg991001202346303977	Ostorero 2011
http://permalink.snl.ch/bib/chbsg991001220742103977	Ostorero 2013
http://permalink.snl.ch/bib/chbsg000133657	Ostorero 2014
http://permalink.snl.ch/bib/chbsg991001220741803977	Ostorero 2015
http://permalink.snl.ch/bib/chbsg991001202346403977	Ostorero et al. 1994
http://permalink.snl.ch/bib/chbsg000010240	Ostorero et al. 1999
http://permalink.snl.ch/bib/chbsg000048336	Ostorero et al. 2007
http://permalink.snl.ch/bib/chbsg991001204349403977	Ostorero et al. 2010
http://permalink.snl.ch/bib/chbsg000122355	Ostorero et al. 2011
http://permalink.snl.ch/bib/chbsg000065196	Othenin-Girard 1987
http://permalink.snl.ch/bib/chbsg000137461	Ott, Rechtsquellen
http://permalink.snl.ch/bib/chbsg000136341	Ott, Richtebrief
http://permalink.snl.ch/bib/chbsg000049005	Pahud de Mortanges 2007
http://permalink.snl.ch/bib/chbsg000063928	Pahud de Mortanges/Prêtre 1998
http://permalink.snl.ch/bib/chbsg000097648	Paravicini Bagliani et al. 1997
http://permalink.snl.ch/bib/chbsg000036178	Paravicini Bagliani et al. 2005 ; Utz Tremp dans Paravicini Bagliani et al. 2005
http://permalink.snl.ch/bib/chbsg991001220742003977	Paravicini Bagliani et al. 2015
http://permalink.snl.ch/bib/chbsg991001190348003977	Paravy 1993
http://permalink.snl.ch/bib/chbsg991001221449803977	Paravy et al. 2006
http://permalink.snl.ch/bib/chbsg000143735	Partheizwist
http://permalink.snl.ch/bib/chbsg991001204748703977	Payot 2000a
http://permalink.snl.ch/bib/chbsg991001205249803977	Payot 2000b
http://permalink.snl.ch/bib/chbsg000142508	PdC 1674
http://permalink.snl.ch/bib/chbsg000142200	Pelet 1951
http://permalink.snl.ch/bib/chbsg000150681	Perret 1936-1938
http://permalink.snl.ch/bib/chbsg000142476	Perrot 1815-1819
http://permalink.snl.ch/bib/chbsg000151266	Pestalozzi, Sammlung
http://permalink.snl.ch/bib/chbsg000151078	Peter 1907
http://permalink.snl.ch/bib/chbsg000136722	Peter 1962
http://permalink.snl.ch/bib/chbsg000141658	Petremand 1925
http://permalink.snl.ch/bib/chbsg000136734	Peyer 1968
http://permalink.snl.ch/bib/chbsg000136703	Pfenninger 1956
http://permalink.snl.ch/bib/chbsg000103803	Pfiffner 1983
http://permalink.snl.ch/bib/chbsg000038128	Pfiffner 2003
http://permalink.snl.ch/bib/chbsg000065823	Pfister 1987
http://permalink.snl.ch/bib/chbsg000114709	Pfister 1992
http://permalink.snl.ch/bib/chbsg000076753	Pfister 1997
http://permalink.snl.ch/bib/chbsg000150996	Pfister 2007
http://permalink.snl.ch/bib/chbsg991001180045303977	Pflüger 1958
http://permalink.snl.ch/bib/chbsg991001205249603977	Philipona 1917
http://permalink.snl.ch/bib/chbsg000142457	Piaget 1904
http://permalink.snl.ch/bib/chbsg000142306	Piaget 1909
http://permalink.snl.ch/bib/chbsg000141683	Piaget/Lozeron 1939
http://permalink.snl.ch/bib/chbsg000074601	Pierrehumbert 1926-1976
http://permalink.snl.ch/bib/chbsg000141639	Pierrehumbert 1932
http://permalink.snl.ch/bib/chbsg991001208849503977	Pittet dans Ostorero et al. 2010
http://permalink.snl.ch/bib/chbsg991001221449703977	Pocs et al. 2008
http://permalink.snl.ch/bib/chbsg000003802	Pohl 1999
http://permalink.snl.ch/bib/chbsg000042607	Pohl 2003
http://permalink.snl.ch/bib/chbsg000133091	Polli-Schönborn 2014
http://permalink.snl.ch/bib/chbsg000141340	Poudret 1976
http://permalink.snl.ch/bib/chbsg000091632	Poudret 1991
http://permalink.snl.ch/bib/chbsg000141341	Poudret 1993
http://permalink.snl.ch/bib/chbsg000141720	Poudret 1997
http://permalink.snl.ch/bib/chbsg000141913	Poudret 1997a
http://permalink.snl.ch/bib/chbsg000073360	Poudret 1998-2006
http://permalink.snl.ch/bib/chbsg000083192	Pretto 1979
http://permalink.snl.ch/bib/chbsg000063091	Pretto 1986
http://permalink.snl.ch/bib/chbsg000100587	Pribnow 1996
http://permalink.snl.ch/bib/chbsg000140940	Primas 1989
http://permalink.snl.ch/bib/chbsg000115533	Primas et al. 1989
http://permalink.snl.ch/bib/chbsg991001221449503977	Prosperi et al. 2010
http://permalink.snl.ch/bib/chbsg000037416	Puff 2003
http://permalink.snl.ch/bib/chbsg000151420	Pünter 1995
http://permalink.snl.ch/bib/chbsg000142592 ; http://permalink.snl.ch/bib/chbsg000142781	Pupikofer 1876
http://permalink.snl.ch/bib/chbsg000139256	QGTS
http://permalink.snl.ch/bib/chbsg000150486	QW I, Bd. 3/1
http://permalink.snl.ch/bib/chbsg000135615	QZWG
http://permalink.snl.ch/bib/chbsg000134819	QZZG
http://permalink.snl.ch/bib/chbsg000135603	Rader 1999
http://permalink.snl.ch/bib/chbsg000151079	Ramp 1949
http://permalink.snl.ch/bib/chbsg000014609	Rásonyi 2000
http://permalink.snl.ch/bib/chbsg000137476	Reber 1973
http://permalink.snl.ch/bib/chbsg000135616	REC
http://permalink.snl.ch/bib/chbsg000135617	Reg. Habs.
http://permalink.snl.ch/bib/chbsg000141183	Reich 1989
http://permalink.snl.ch/bib/chbsg000141030	Reich 1998
http://permalink.snl.ch/bib/chbsg000007884	Reich 1999
http://permalink.snl.ch/bib/chbsg000150286	Reich 2000
http://permalink.snl.ch/bib/chbsg000150285	Reich 2001
http://permalink.snl.ch/bib/chbsg000045603	Reich 2005a
http://permalink.snl.ch/bib/chbsg000141145	Reich 2005a
http://permalink.snl.ch/bib/chbsg000141140	Reich 2005b
http://permalink.snl.ch/bib/chbsg000141267	Reich 2006a
http://permalink.snl.ch/bib/chbsg000141036	Reich 2006b
http://permalink.snl.ch/bib/chbsg000141032	Reich 2007
http://permalink.snl.ch/bib/chbsg000137181	Reich 2013
http://permalink.snl.ch/bib/chbsg000067077	Reich-Langhans, Chronik
http://permalink.snl.ch/bib/chbsg000138251	Reicke 1932
http://permalink.snl.ch/bib/chbsg000142124	Repertorium CH
http://permalink.snl.ch/bib/chbsg991001201449603977	Reymond 1908
http://permalink.snl.ch/bib/chbsg991001201449503977	Reymond 1909
http://permalink.snl.ch/bib/chbsg991001204548003977	Reymond 1912
http://permalink.snl.ch/bib/chbsg991001190347603977	Reymond 1917
http://permalink.snl.ch/bib/chbsg991001202648803977	Reymond 1918
http://permalink.snl.ch/bib/chbsg000055154	Rhyner 2009a
http://permalink.snl.ch/bib/chbsg000117029	Rhyner 2009b
http://permalink.snl.ch/bib/chbsg000139415	RI VII/6
http://permalink.snl.ch/bib/chbsg000135633	RI VIII/1
http://permalink.snl.ch/bib/chbsg000139411	RI VIII/1 (Datenbank)
http://permalink.snl.ch/bib/chbsg000139413	RI X/2
http://permalink.snl.ch/bib/chbsg000139414	RI XI/1
http://permalink.snl.ch/bib/chbsg000139416	RI XI/2
http://permalink.snl.ch/bib/chbsg000139419	RI XII
http://permalink.snl.ch/bib/chbsg000100916	RI XIII/6
http://permalink.snl.ch/bib/chbsg000139412	RI XIII/6 (Nachträge)
http://permalink.snl.ch/bib/chbsg000139421	RI XIV/1
http://permalink.snl.ch/bib/chbsg000139422	RI XIV/2
http://permalink.snl.ch/bib/chbsg000139423	RI XIV/3/1
http://permalink.snl.ch/bib/chbsg000139424	RI XIV/3/2
http://permalink.snl.ch/bib/chbsg000151080	Richard 1993
http://permalink.snl.ch/bib/chbsg000073808	Richner 1988
http://permalink.snl.ch/bib/chbsg000137973	Rickenbacher 1994
http://permalink.snl.ch/bib/chbsg991001205949703977	Rieter 1949/1950
http://permalink.snl.ch/bib/chbsg000048502	Rigendinger 2007
http://permalink.snl.ch/bib/chbsg000138256	Riha 2007
http://permalink.snl.ch/bib/chbsg000080629	Rimensberger 1994
http://permalink.snl.ch/bib/chbsg991001202049603977	Ringholz 1888
http://permalink.snl.ch/bib/chbsg000137463	Rippmann 1918
http://permalink.snl.ch/bib/chbsg991001177249803977	Rippmann 2014
http://permalink.snl.ch/bib/chbsg000142594	Ritter 1916
http://permalink.snl.ch/bib/chbsg000138172	Rittmeyer 1962
http://permalink.snl.ch/bib/chbsg000143818	RMB
http://permalink.snl.ch/bib/chbsg991001221449403977	Roach et al. 2013
http://permalink.snl.ch/bib/chbsg000049213	Roca 2006
http://permalink.snl.ch/bib/chbsg991001202049503977	Rochholz 1859
http://permalink.snl.ch/bib/chbsg000149402	Rogge 2003
http://permalink.snl.ch/bib/chbsg000151081	Rohrer 1878
http://permalink.snl.ch/bib/chbsg000151082	Rohrer 1879
http://permalink.snl.ch/bib/chbsg000150641	Roller 1900-1908
http://permalink.snl.ch/bib/chbsg000085032	Romer 1995
http://permalink.snl.ch/bib/chbsg000101120	Romer 1997
http://permalink.snl.ch/bib/chbsg000151034	Romer 1997a
http://permalink.snl.ch/bib/chbsg000136638	Rosenberger 1927
http://permalink.snl.ch/bib/chbsg000150460	Rösener 1985
http://permalink.snl.ch/bib/chbsg000139113	Rost 1935
http://permalink.snl.ch/bib/chbsg000054680	Rothenbühler 2008
http://permalink.snl.ch/bib/chbsg000080052	Rothenflue 1887
http://permalink.snl.ch/bib/chbsg000150438	Rothenflue 1887
http://permalink.snl.ch/bib/chbsg000142305	Roulet 1956
http://permalink.snl.ch/bib/chbsg000141685	Roulet 1959
http://permalink.snl.ch/bib/chbsg000141957	Roulet 1960-1961
http://permalink.snl.ch/bib/chbsg000143814	Rozycki 1946
http://permalink.snl.ch/bib/chbsg000142472	RPO
http://permalink.snl.ch/bib/chbsg000101369	RSQ
http://permalink.snl.ch/bib/chbsg000009295	Rübel 1999
http://permalink.snl.ch/bib/chbsg000137714	Rüdin-Bader 1959
http://permalink.snl.ch/bib/chbsg000080728	Rüdisühli 1984
http://permalink.snl.ch/bib/chbsg000103369	Rüdisühli 1996
http://permalink.snl.ch/bib/chbsg000136644	Ruoff 1934
http://permalink.snl.ch/bib/chbsg000151422	Ruoff 1935
http://permalink.snl.ch/bib/chbsg000139152	Ruoff 1941
http://permalink.snl.ch/bib/chbsg000136673	Ruoff 1942
http://permalink.snl.ch/bib/chbsg000138280	Ruoff 1958
http://permalink.snl.ch/bib/chbsg000136723	Ruoff 1963
http://permalink.snl.ch/bib/chbsg000134394	Ruoff 1965
http://permalink.snl.ch/bib/chbsg000137394	Ruoff 1966a
http://permalink.snl.ch/bib/chbsg000078413	Sablonier 1986
http://permalink.snl.ch/bib/chbsg000013242	Sablonier 2000
http://permalink.snl.ch/bib/chbsg000044681	Sablonier 2004
http://permalink.snl.ch/bib/chbsg000100761	Salat, Reformationschronik
http://permalink.snl.ch/bib/chbsg000108874	Salathé et. al. 1995
http://permalink.snl.ch/bib/chbsg000137746	Saleski 2007
http://permalink.snl.ch/bib/chbsg000115147	Salzmann 1983
http://permalink.snl.ch/bib/chbsg000141500	Sandoz 1868
http://permalink.snl.ch/bib/chbsg000030762	Sassnick Spohn 2002
http://permalink.snl.ch/bib/chbsg000139191	SBPOZH
http://permalink.snl.ch/bib/chbsg000141150	Schädler Regesten
http://permalink.snl.ch/bib/chbsg000105082	Schär 1985
http://permalink.snl.ch/bib/chbsg000084358	Schärer 1992
http://permalink.snl.ch/bib/chbsg000027690	Schärer 2001
http://permalink.snl.ch/bib/chbsg000134171	Schärer 2012
http://permalink.snl.ch/bib/chbsg000139200	Schärli 1984
http://permalink.snl.ch/bib/chbsg000137352	Schauberg 1842
http://permalink.snl.ch/bib/chbsg000137349	Schauberg 1844
http://permalink.snl.ch/bib/chbsg000137350	Schauberg 1848
http://permalink.snl.ch/bib/chbsg000138045	Schauberg, Beiträge
http://permalink.snl.ch/bib/chbsg000137976	Schauberg, Gerichtsbuch
http://permalink.snl.ch/bib/chbsg000138057	Schauberg, Thurgauische Rechtsquellen
http://permalink.snl.ch/bib/chbsg000138056	Schauberg, Zürcherische Rechtsquellen
http://permalink.snl.ch/bib/chbsg000144849	Schaufelberger 1920
http://permalink.snl.ch/bib/chbsg000142790	Schedler 1919
http://permalink.snl.ch/bib/chbsg000076155	Schelbert 1976
http://permalink.snl.ch/bib/chbsg991001175849103977	Schellenberg 1951
http://permalink.snl.ch/bib/chbsg000085401	Scheurer et al. 1987
http://permalink.snl.ch/bib/chbsg000098655	Schiendorfer 1994
http://permalink.snl.ch/bib/chbsg991001200547803977	Schiess, Seckelamtsbücher
http://permalink.snl.ch/bib/chbsg000113548	Schindler 1986
http://permalink.snl.ch/bib/chbsg000137095	Schindler 1991
http://permalink.snl.ch/bib/chbsg000137697	Schiner, Korrespondenzen
http://permalink.snl.ch/bib/chbsg000137933	Schinz 1951-2000
http://permalink.snl.ch/bib/chbsg000142008	Schlaepfer 1999
http://permalink.snl.ch/bib/chbsg000045608	Schlaepfer 2005
http://permalink.snl.ch/bib/chbsg000141274	Schlaginhaufen 1998
http://permalink.snl.ch/bib/chbsg000113553	Schläpfer 1983
http://permalink.snl.ch/bib/chbsg000134989	Schläppi 2007
http://permalink.snl.ch/bib/chbsg000128143	Schläppi 2009
http://permalink.snl.ch/bib/chbsg000118870	Schläppi 2011
http://permalink.snl.ch/bib/chbsg000134441	Schmid 1934
http://permalink.snl.ch/bib/chbsg000143752	Schmid 1954
http://permalink.snl.ch/bib/chbsg000135538	Schmid 1963
http://permalink.snl.ch/bib/chbsg000136772	Schmid 1969
http://permalink.snl.ch/bib/chbsg000077720	Schmid 1981
http://permalink.snl.ch/bib/chbsg000072775	Schmid 1995
http://permalink.snl.ch/bib/chbsg000037155	Schmid 2003a
http://permalink.snl.ch/bib/chbsg000044058	Schmid 2004
http://permalink.snl.ch/bib/chbsg000135594	Schmidt 1898
http://permalink.snl.ch/bib/chbsg000141686	Schnegg 1958
http://permalink.snl.ch/bib/chbsg000141721	Schnegg 1964
http://permalink.snl.ch/bib/chbsg000141905	Schnegg 1972
http://permalink.snl.ch/bib/chbsg000139273	Schneider 1942
http://permalink.snl.ch/bib/chbsg000137466	Schneider 1951
http://permalink.snl.ch/bib/chbsg000139266	Schneider 1971
http://permalink.snl.ch/bib/chbsg000136458	Schneller, Winterthur
http://permalink.snl.ch/bib/chbsg000133822	Schnyder 1938
http://permalink.snl.ch/bib/chbsg000136666	Schnyder 1941
http://permalink.snl.ch/bib/chbsg000136682	Schnyder 1943
http://permalink.snl.ch/bib/chbsg000135493	Schnyder 1964
http://permalink.snl.ch/bib/chbsg000114783	Schnyder 1975
http://permalink.snl.ch/bib/chbsg000067581	Schorer 1989
http://permalink.snl.ch/bib/chbsg000098607	Schott-Volm 1996
http://permalink.snl.ch/bib/chbsg000139352	Schott-Volm, Repertorium
http://permalink.snl.ch/bib/chbsg000151083	Schrötter 1930
http://permalink.snl.ch/bib/chbsg000107739	Schuler 1976
http://permalink.snl.ch/bib/chbsg000137920	Schuler/Hürlimann 2001
http://permalink.snl.ch/bib/chbsg000047049	Schultheiss 2006
http://permalink.snl.ch/bib/chbsg000136882	Schultheiss 2007
http://permalink.snl.ch/bib/chbsg000137382	Schulthess 1924
http://permalink.snl.ch/bib/chbsg000151129	Schulz 1987
http://permalink.snl.ch/bib/chbsg000144837	Schuster 1991
http://permalink.snl.ch/bib/chbsg000144838	Schuster 1992
http://permalink.snl.ch/bib/chbsg000144839	Schuster 1995
http://permalink.snl.ch/bib/chbsg991001180048603977	Schuster 2000
http://permalink.snl.ch/bib/chbsg991001180448803977	Schuster 2008
http://permalink.snl.ch/bib/chbsg000139322	Schwarz 1940
http://permalink.snl.ch/bib/chbsg000135602	Schwarz, Statutenbücher
http://permalink.snl.ch/bib/chbsg000119476	Schwarz-Zanetti et al. 2011
http://permalink.snl.ch/bib/chbsg000151086	Schweizer 1883
http://permalink.snl.ch/bib/chbsg000137114	Schweizer 1884
http://permalink.snl.ch/bib/chbsg000137355	Schweizer 1885
http://permalink.snl.ch/bib/chbsg000137148	Schweizer 1890
http://permalink.snl.ch/bib/chbsg000139265	Schweizer 1894
http://permalink.snl.ch/bib/chbsg000136577	Schweizer 1902
http://permalink.snl.ch/bib/chbsg000137356	Schweizer/Escher 1885
http://permalink.snl.ch/bib/chbsg000150358	Schwendener 2004
http://permalink.snl.ch/bib/chbsg000150458	Schwendener, Urbar
http://permalink.snl.ch/bib/chbsg991001180048503977	Schwerhoff 1993
http://permalink.snl.ch/bib/chbsg000150453	Schwerhoff 1999
http://permalink.snl.ch/bib/chbsg991001180049103977	Schwerhoff 2005
http://permalink.snl.ch/bib/chbsg000143686	Scott 2010
http://permalink.snl.ch/bib/chbsg000138691	SDS FR I/1/2
http://permalink.snl.ch/bib/chbsg000138692	SDS FR I/1/3
http://permalink.snl.ch/bib/chbsg000138693	SDS FR I/1/4
http://permalink.snl.ch/bib/chbsg000138694	SDS FR I/2/6
http://permalink.snl.ch/bib/chbsg000138849	SDS GE 1
http://permalink.snl.ch/bib/chbsg000138850	SDS GE 2
http://permalink.snl.ch/bib/chbsg000138853	SDS GE 3
http://permalink.snl.ch/bib/chbsg000138854	SDS GE 4
http://permalink.snl.ch/bib/chbsg000138846	SDS NE 1
http://permalink.snl.ch/bib/chbsg000138838	SDS VD A 1
http://permalink.snl.ch/bib/chbsg000138839	SDS VD B 1
http://permalink.snl.ch/bib/chbsg000138842	SDS VD B 2
http://permalink.snl.ch/bib/chbsg000138843	SDS VD C 1
http://permalink.snl.ch/bib/chbsg000138844	SDS VD C 2
http://permalink.snl.ch/bib/chbsg000142630	Segesser, Rechtsgeschichte
http://permalink.snl.ch/bib/chbsg000113555	Senn, Chronik
http://permalink.snl.ch/bib/chbsg000142777	Senn, Chronik
http://permalink.snl.ch/bib/chbsg000142638	Senn, Frey-Herrschafft Sax
http://permalink.snl.ch/bib/chbsg000142639	Senn, Gangbrief
http://permalink.snl.ch/bib/chbsg000142658	Senn, Gerichts-Form
http://permalink.snl.ch/bib/chbsg000142660	Senn, Jahrzeitbuch
http://permalink.snl.ch/bib/chbsg000142688	Senn, Kirchengeschichtliche Urkunden
http://permalink.snl.ch/bib/chbsg000142659	Senn, Urbar
http://permalink.snl.ch/bib/chbsg000142685	Senn, Wartau
http://permalink.snl.ch/bib/chbsg000138058	Sibler 1973
http://permalink.snl.ch/bib/chbsg000114514	Sibler 1988
http://permalink.snl.ch/bib/chbsg000090651	Sibler 1990
http://permalink.snl.ch/bib/chbsg000066125	Sibler 1992
http://permalink.snl.ch/bib/chbsg000094837	Sibler 1993
http://permalink.snl.ch/bib/chbsg000096852	Sibler 1998
http://permalink.snl.ch/bib/chbsg000137392	Sibler 1999
http://permalink.snl.ch/bib/chbsg000022390	Sibler 2001
http://permalink.snl.ch/bib/chbsg000052616	Sibler 2007
http://permalink.snl.ch/bib/chbsg000051444	Sibler 2009
http://permalink.snl.ch/bib/chbsg000135543	Sieber 2001
http://permalink.snl.ch/bib/chbsg000137615	Sieber 2006
http://permalink.snl.ch/bib/chbsg000052613	Sieber 2007
http://permalink.snl.ch/bib/chbsg991001177249503977	Sieber 2007a
http://permalink.snl.ch/bib/chbsg000137617	Sieber 2007b
http://permalink.snl.ch/bib/chbsg000137618	Sieber 2007c
http://permalink.snl.ch/bib/chbsg991001176949803977	Sieber 2007d
http://permalink.snl.ch/bib/chbsg000053722	Sieber 2010
http://permalink.snl.ch/bib/chbsg000151412	Sieber 2011
http://permalink.snl.ch/bib/chbsg991001221449303977	Sieburg et al. 2017
http://permalink.snl.ch/bib/chbsg000139334	Siegenthaler 1963
http://permalink.snl.ch/bib/chbsg000143451	Siegrist 1995
http://permalink.snl.ch/bib/chbsg000139274	Sigg 1971
http://permalink.snl.ch/bib/chbsg000114716	Sigg 1976
http://permalink.snl.ch/bib/chbsg000089961	Sigg 1982
http://permalink.snl.ch/bib/chbsg000080277	Sigg 1988a
http://permalink.snl.ch/bib/chbsg000089125	Sigg 1992
http://permalink.snl.ch/bib/chbsg000081151	Sigg 1994a
http://permalink.snl.ch/bib/chbsg000151026	Sigg 1996
http://permalink.snl.ch/bib/chbsg000039613	Sigg 2004
http://permalink.snl.ch/bib/chbsg000046737	Sigg 2006
http://permalink.snl.ch/bib/chbsg000132903	Sigg 2011
http://permalink.snl.ch/bib/chbsg000126322	Sigg, Hexenprozesse
http://permalink.snl.ch/bib/chbsg000119464	Sigg/Brühlmeier 2011
http://permalink.snl.ch/bib/chbsg000090419	Sigg/Pretto 1985
http://permalink.snl.ch/bib/chbsg000012078	Signori 1999
http://permalink.snl.ch/bib/chbsg000106156	Simon 1983
http://permalink.snl.ch/bib/chbsg000104582	Simon-Muscheid 1995
http://permalink.snl.ch/bib/chbsg000138259	Sofer 1979
http://permalink.snl.ch/bib/chbsg000136736	Soliva 1968
http://permalink.snl.ch/bib/chbsg000137620	Sommer 1944-1948
http://permalink.snl.ch/bib/chbsg000090692	Sonderegger 1994
http://permalink.snl.ch/bib/chbsg000141211	Sonderegger 2003
http://permalink.snl.ch/bib/chbsg000150437	Spahr 1983
http://permalink.snl.ch/bib/chbsg991001180048703977	Speck 1994
http://permalink.snl.ch/bib/chbsg000151088	Spillmann 1962
http://permalink.snl.ch/bib/chbsg000114779	Spillmann-Weber 1997
http://permalink.snl.ch/bib/chbsg000137311	Spöndlin 1841
http://permalink.snl.ch/bib/chbsg000151089	Spörri 1946
http://permalink.snl.ch/bib/chbsg000138261	Sprandel 2005
http://permalink.snl.ch/bib/chbsg000134172	Spühler 2012
http://permalink.snl.ch/bib/chbsg000138802	SSRQ AG I/1
http://permalink.snl.ch/bib/chbsg000138803	SSRQ AG I/2.1
http://permalink.snl.ch/bib/chbsg000138804	SSRQ AG I/2.2
http://permalink.snl.ch/bib/chbsg000138806	SSRQ AG I/3
http://permalink.snl.ch/bib/chbsg000138807	SSRQ AG I/4
http://permalink.snl.ch/bib/chbsg000138808	SSRQ AG I/5
http://permalink.snl.ch/bib/chbsg000138810	SSRQ AG I/6
http://permalink.snl.ch/bib/chbsg000138811	SSRQ AG I/7
http://permalink.snl.ch/bib/chbsg000138812	SSRQ AG II/1
http://permalink.snl.ch/bib/chbsg000138823	SSRQ AG II/10
http://permalink.snl.ch/bib/chbsg000138813	SSRQ AG II/2
http://permalink.snl.ch/bib/chbsg000138815	SSRQ AG II/3
http://permalink.snl.ch/bib/chbsg000138819	SSRQ AG II/5
http://permalink.snl.ch/bib/chbsg000138820	SSRQ AG II/8
http://permalink.snl.ch/bib/chbsg000138821	SSRQ AG II/9
http://permalink.snl.ch/bib/chbsg000138787	SSRQ AR/AI 1
http://permalink.snl.ch/bib/chbsg000138740	SSRQ BE I/1 (1. Aufl.)
http://permalink.snl.ch/bib/chbsg000138720	SSRQ BE I/1 und 2
http://permalink.snl.ch/bib/chbsg000138737	SSRQ BE I/10
http://permalink.snl.ch/bib/chbsg000138738	SSRQ BE I/11
http://permalink.snl.ch/bib/chbsg000138739	SSRQ BE I/12
http://permalink.snl.ch/bib/chbsg000036657	SSRQ BE I/13
http://permalink.snl.ch/bib/chbsg000138741	SSRQ BE I/2 (1. Aufl.)
http://permalink.snl.ch/bib/chbsg000138723	SSRQ BE I/3
http://permalink.snl.ch/bib/chbsg000138725	SSRQ BE I/4.1
http://permalink.snl.ch/bib/chbsg000138726	SSRQ BE I/4.2
http://permalink.snl.ch/bib/chbsg000138727	SSRQ BE I/5
http://permalink.snl.ch/bib/chbsg000138728	SSRQ BE I/6.1
http://permalink.snl.ch/bib/chbsg000138729	SSRQ BE I/6.2
http://permalink.snl.ch/bib/chbsg000138730	SSRQ BE I/7.1
http://permalink.snl.ch/bib/chbsg000138731	SSRQ BE I/7.2
http://permalink.snl.ch/bib/chbsg000138733	SSRQ BE I/8.1
http://permalink.snl.ch/bib/chbsg000138734	SSRQ BE I/8.2
http://permalink.snl.ch/bib/chbsg000138735	SSRQ BE I/9.1
http://permalink.snl.ch/bib/chbsg000138736	SSRQ BE I/9.2
http://permalink.snl.ch/bib/chbsg000138742	SSRQ BE II/1.1
http://permalink.snl.ch/bib/chbsg000138743	SSRQ BE II/1.2
http://permalink.snl.ch/bib/chbsg000022741	SSRQ BE II/10
http://permalink.snl.ch/bib/chbsg000041966	SSRQ BE II/11
http://permalink.snl.ch/bib/chbsg000138744	SSRQ BE II/2
http://permalink.snl.ch/bib/chbsg000138745	SSRQ BE II/3
http://permalink.snl.ch/bib/chbsg000138746	SSRQ BE II/4
http://permalink.snl.ch/bib/chbsg000138747	SSRQ BE II/5
http://permalink.snl.ch/bib/chbsg000138748	SSRQ BE II/6
http://permalink.snl.ch/bib/chbsg000138749	SSRQ BE II/7
http://permalink.snl.ch/bib/chbsg000138750	SSRQ BE II/8
http://permalink.snl.ch/bib/chbsg000138751	SSRQ BE II/9
http://permalink.snl.ch/bib/chbsg000138690	SSRQ FR I/1/1
http://permalink.snl.ch/bib/chbsg000138695	SSRQ FR I/3/5
http://permalink.snl.ch/bib/chbsg000138682	SSRQ GL 1.2
http://permalink.snl.ch/bib/chbsg000138683	SSRQ GL 1.3
http://permalink.snl.ch/bib/chbsg000138684	SSRQ GL 1.4
http://permalink.snl.ch/bib/chbsg000138685	SSRQ GL 1.5
http://permalink.snl.ch/bib/chbsg000138681	SSRQ GL 1/1
http://permalink.snl.ch/bib/chbsg000138788	SSRQ GR A 1
http://permalink.snl.ch/bib/chbsg000138789	SSRQ GR B I/1
http://permalink.snl.ch/bib/chbsg000100628	SSRQ GR B I/2
http://permalink.snl.ch/bib/chbsg000138790	SSRQ GR B I/3
http://permalink.snl.ch/bib/chbsg000138791	SSRQ GR B I/4
http://permalink.snl.ch/bib/chbsg000138792	SSRQ GR B II/1
http://permalink.snl.ch/bib/chbsg000138793	SSRQ GR B II/2
http://permalink.snl.ch/bib/chbsg000138794	SSRQ GR B III/1
http://permalink.snl.ch/bib/chbsg000138651	SSRQ LU I/1
http://permalink.snl.ch/bib/chbsg000041968	SSRQ LU I/2
http://permalink.snl.ch/bib/chbsg000045117	SSRQ LU I/3
http://permalink.snl.ch/bib/chbsg000138654	SSRQ LU I/4
http://permalink.snl.ch/bib/chbsg000138655	SSRQ LU I/5
http://permalink.snl.ch/bib/chbsg000138656	SSRQ LU II/1
http://permalink.snl.ch/bib/chbsg000029349	SSRQ LU II/2.1
http://permalink.snl.ch/bib/chbsg000138658	SSRQ LU II/2.2
http://permalink.snl.ch/bib/chbsg000048477	SSRQ LU II/2.3
http://permalink.snl.ch/bib/chbsg000138674	SSRQ SG I/2/1
http://permalink.snl.ch/bib/chbsg000045148	SSRQ SG I/2/3
http://permalink.snl.ch/bib/chbsg000138675	SSRQ SG I/2/4.1
http://permalink.snl.ch/bib/chbsg000138676	SSRQ SG I/2/4.2
http://permalink.snl.ch/bib/chbsg000138677	SSRQ SG II/1/1
http://permalink.snl.ch/bib/chbsg000138678	SSRQ SG II/1/2
http://permalink.snl.ch/bib/chbsg000048478	SSRQ SG II/2/1
http://permalink.snl.ch/bib/chbsg000138679	SSRQ SG III/1
http://permalink.snl.ch/bib/chbsg000138680	SSRQ SG III/2
http://permalink.snl.ch/bib/chbsg000138784	SSRQ SH I/1
http://permalink.snl.ch/bib/chbsg000138785	SSRQ SH I/2
http://permalink.snl.ch/bib/chbsg000138782	SSRQ SO I/1
http://permalink.snl.ch/bib/chbsg000138783	SSRQ SO I/1
http://permalink.snl.ch/bib/chbsg991001175848303977	SSRQ TG I
http://permalink.snl.ch/bib/chbsg000138686	SSRQ ZG 1.1
http://permalink.snl.ch/bib/chbsg000138687	SSRQ ZG 1.2
http://permalink.snl.ch/bib/chbsg000138688	SSRQ ZG 1.3
http://permalink.snl.ch/bib/chbsg000135523	SSRQ ZH AF I/1
http://permalink.snl.ch/bib/chbsg000135524	SSRQ ZH AF I/2
http://permalink.snl.ch/bib/chbsg000138647	SSRQ ZH NF I/1/1
http://permalink.snl.ch/bib/chbsg000138649	SSRQ ZH NF II/1
http://permalink.snl.ch/bib/chbsg000143736	Stadtrecht
http://permalink.snl.ch/bib/chbsg000142593	Staehelin 1958
http://permalink.snl.ch/bib/chbsg000150475	Staehelin 1960
http://permalink.snl.ch/bib/chbsg000115834	Staehelin 1976
http://permalink.snl.ch/bib/chbsg000135553	Stahel 1941
http://permalink.snl.ch/bib/chbsg000136688	Staub 1944
http://permalink.snl.ch/bib/chbsg000135545	Stauber 1926
http://permalink.snl.ch/bib/chbsg000135489	Stauber 1949
http://permalink.snl.ch/bib/chbsg000151090	Steiger 1964
http://permalink.snl.ch/bib/chbsg000047936	Steinbrecher 2006
http://permalink.snl.ch/bib/chbsg000063093	Steiner 1998
http://permalink.snl.ch/bib/chbsg000142710	Steinmann 1939
http://permalink.snl.ch/bib/chbsg000082792	Steinmüller 1989
http://permalink.snl.ch/bib/chbsg991001205249503977	Stelling-Michaud 1939
http://permalink.snl.ch/bib/chbsg000044696	Stercken 2006
http://permalink.snl.ch/bib/chbsg000132766	Stercken 2011
http://permalink.snl.ch/bib/chbsg000150350	Stettler 2004
http://permalink.snl.ch/bib/chbsg000138048	Steuerbücher Zürich
http://permalink.snl.ch/bib/chbsg000151091	Stiefel 1944
http://permalink.snl.ch/bib/chbsg000139326	Stokar 1949
http://permalink.snl.ch/bib/chbsg000091767	Stokar 1981
http://permalink.snl.ch/bib/chbsg000085804	Stokar 1990
http://permalink.snl.ch/bib/chbsg000120425	Stoll 2010
http://permalink.snl.ch/bib/chbsg000150446	Stoob 1959
http://permalink.snl.ch/bib/chbsg000136646	Strehler 1935
http://permalink.snl.ch/bib/chbsg000094898	Stricker 1989
http://permalink.snl.ch/bib/chbsg000110374	Stricker 1991
http://permalink.snl.ch/bib/chbsg000141266	Stricker 2006
http://permalink.snl.ch/bib/chbsg991001202049803977	Stricker 2007
http://permalink.snl.ch/bib/chbsg000146201	Stricker 2017
http://permalink.snl.ch/bib/chbsg000062079	Strickler
http://permalink.snl.ch/bib/chbsg991001180045503977	Strickler, Reformationsjahre
http://permalink.snl.ch/bib/chbsg000139311	Strolz 1970
http://permalink.snl.ch/bib/chbsg000056601	Stromer 2010
http://permalink.snl.ch/bib/chbsg000139302	Stucki 1984
http://permalink.snl.ch/bib/chbsg000099992	Stucki 1990
http://permalink.snl.ch/bib/chbsg991001177249403977	Stucki 1990a
http://permalink.snl.ch/bib/chbsg000144842	Stucki 1996
http://permalink.snl.ch/bib/chbsg000135539	Studer 1904
http://permalink.snl.ch/bib/chbsg000125438	Studer 2002
http://permalink.snl.ch/bib/chbsg000047272	Studer Immenhauser 2006
http://permalink.snl.ch/bib/chbsg000137698	Stumpf, Reformationschronik
http://permalink.snl.ch/bib/chbsg000135619	Stutz, Meiergerichtsurteile
http://permalink.snl.ch/bib/chbsg000135618	Stutz, Rechtsquellen
http://permalink.snl.ch/bib/chbsg000141265	Suenderhauf/Stricker 2007
http://permalink.snl.ch/bib/chbsg000141222	Sulzberger 1872
http://permalink.snl.ch/bib/chbsg000142789	Sulzberger 1875
http://permalink.snl.ch/bib/chbsg000150870	Sulzberger 1957
http://permalink.snl.ch/bib/chbsg000151092	Sulzer 1944
http://permalink.snl.ch/bib/chbsg000113233	Suter 1981
http://permalink.snl.ch/bib/chbsg000112080	Suter 1992
http://permalink.snl.ch/bib/chbsg000014786	Suter 2000
http://permalink.snl.ch/bib/chbsg000064565	Sutter 1996
http://permalink.snl.ch/bib/chbsg000138054	Sutter 2001
http://permalink.snl.ch/bib/chbsg000030951	Sutter 2002
http://permalink.snl.ch/bib/chbsg000117863	Sutter 2011
http://permalink.snl.ch/bib/chbsg000101390	Taric Zumsteg 1998
http://permalink.snl.ch/bib/chbsg000014227	Taric Zumsteg 2000
http://permalink.snl.ch/bib/chbsg000027806	Teuscher 2001
http://permalink.snl.ch/bib/chbsg000048830	Teuscher 2007
http://permalink.snl.ch/bib/chbsg000139444	Theiler 1926
http://permalink.snl.ch/bib/chbsg000140926	Thewes 1994
http://permalink.snl.ch/bib/chbsg000135620	Thommen, Urkunden
http://permalink.snl.ch/bib/chbsg000113557	Thürer 1991
http://permalink.snl.ch/bib/chbsg000151160	Tobler 1969
http://permalink.snl.ch/bib/chbsg000136527	Tobler-Meyer 1881
http://permalink.snl.ch/bib/chbsg000141490	Tribolet 1973
http://permalink.snl.ch/bib/chbsg000072841	Tribolet 1980
http://permalink.snl.ch/bib/chbsg000065044	Tribolet 1981
http://permalink.snl.ch/bib/chbsg000095208	Tribolet 1983
http://permalink.snl.ch/bib/chbsg000141934	Tribolet 1988
http://permalink.snl.ch/bib/chbsg000074253	Tribolet 1990
http://permalink.snl.ch/bib/chbsg000080014	Tribolet 1992
http://permalink.snl.ch/bib/chbsg000141495	Tribolet 1993
http://permalink.snl.ch/bib/chbsg000031022	Tribolet 2002
http://permalink.snl.ch/bib/chbsg000141940	Tribolet 2004
http://permalink.snl.ch/bib/chbsg000151093	Troll 1840-1850
http://permalink.snl.ch/bib/chbsg000045606	Tschirky 2005
http://permalink.snl.ch/bib/chbsg000150602	Tschudi 1726
http://permalink.snl.ch/bib/chbsg000071960	Tschudi, Chronicon
http://permalink.snl.ch/bib/chbsg000142695	UB Appenzell
http://permalink.snl.ch/bib/chbsg000135621	UBSG
http://permalink.snl.ch/bib/chbsg000110415	UBSSG
http://permalink.snl.ch/bib/chbsg000142689	UBTG
http://permalink.snl.ch/bib/chbsg000135491	UBZH
http://permalink.snl.ch/bib/chbsg000139446	UBZH Sigelabbildungen
http://permalink.snl.ch/bib/chbsg000091127	Ulbrich 1979
http://permalink.snl.ch/bib/chbsg000135589	Ulrich 1768
http://permalink.snl.ch/bib/chbsg000151027	Ulrich 1996
http://permalink.snl.ch/bib/chbsg000038591	Ulrich 2003
http://permalink.snl.ch/bib/chbsg000143813	Urbare und Rödel Zürich
http://permalink.snl.ch/bib/chbsg000143692	Urkundenlese
http://permalink.snl.ch/bib/chbsg000110417	URStAZH
http://permalink.snl.ch/bib/chbsg000025290	Utz Tremp 2000
http://permalink.snl.ch/bib/chbsg991001204548403977 ; 10.4000/crm.12545	Utz Tremp 2011a
http://permalink.snl.ch/bib/chbsg991001202648203977	Utz Tremp 2011b
http://permalink.snl.ch/bib/chbsg000128856	Utz Tremp 2013
http://permalink.snl.ch/bib/chbsg000150455	v. Weech, CD Salemitanus
http://permalink.snl.ch/bib/chbsg000151164	Vadian, Diarium
http://permalink.snl.ch/bib/chbsg000100937	Valazza Tricarico 1994
http://permalink.snl.ch/bib/chbsg000141912	Valazza Tricarico 1997
http://permalink.snl.ch/bib/chbsg000082000	Vanotti 1845
http://permalink.snl.ch/bib/chbsg000143829	Vanotti, Regesten
http://permalink.snl.ch/bib/chbsg000142776	Vetsch 1963
http://permalink.snl.ch/bib/chbsg000144718	Vincent 1935
http://permalink.snl.ch/bib/chbsg000068419	Vischer, Druckschriften
http://permalink.snl.ch/bib/chbsg000139425	Vischer, Einblattdrucke
http://permalink.snl.ch/bib/chbsg991001177148603977	Vögelin 1848
http://permalink.snl.ch/bib/chbsg000143758	Vögelin 1880
http://permalink.snl.ch/bib/chbsg000138064	Vögelin/Nüscheler 1878-1890
http://permalink.snl.ch/bib/chbsg000086652	Vogler 1997
http://permalink.snl.ch/bib/chbsg000082953	Vogler, Liber Aureus
http://permalink.snl.ch/bib/chbsg000141268	Vogt 2000
http://permalink.snl.ch/bib/chbsg000046478	Voltmer et al. 2005 ; Modestin dans Voltmer et al. 2005
http://permalink.snl.ch/bib/chbsg000141659	Vuille 1935
http://permalink.snl.ch/bib/chbsg000141673	Vuille 1936
http://permalink.snl.ch/bib/chbsg000054359	Wälchli 2008
http://permalink.snl.ch/bib/chbsg000120711	Wälchli et al., Täufer
http://permalink.snl.ch/bib/chbsg000134489	Walser 1944
http://permalink.snl.ch/bib/chbsg000135637	Wander 1867-1880
http://permalink.snl.ch/bib/chbsg000115559	Wanner 1997
http://permalink.snl.ch/bib/chbsg000016208	Wanner 2000
http://permalink.snl.ch/bib/chbsg000045917	Wanner 2007
http://permalink.snl.ch/bib/chbsg000118982	Wanner 2011
http://permalink.snl.ch/bib/chbsg991001175849303977	Wartburg 1956
http://permalink.snl.ch/bib/chbsg000150474	Wartmann, Lütisburger Kopialbuch
http://permalink.snl.ch/bib/chbsg000142604	Wartmann, Rätische Urkunden
http://permalink.snl.ch/bib/chbsg000076854	Waser 1996
http://permalink.snl.ch/bib/chbsg000044059	Weber 2004
http://permalink.snl.ch/bib/chbsg000137107	Wegeli, Notizen
http://permalink.snl.ch/bib/chbsg000142699	Wegelin Regesten
http://permalink.snl.ch/bib/chbsg000137621	Wehrli 1931
http://permalink.snl.ch/bib/chbsg000136645	Wehrli 1934
http://permalink.snl.ch/bib/chbsg000137622	Wehrli 1934a
http://permalink.snl.ch/bib/chbsg000139458	Wehrli 1944
http://permalink.snl.ch/bib/chbsg000139459	Wehrli 1963
http://permalink.snl.ch/bib/chbsg000139460	Wehrli 1966
http://permalink.snl.ch/bib/chbsg000136731	Wehrli 1967
http://permalink.snl.ch/bib/chbsg000142774	Wehrli/Ringger 1904
http://permalink.snl.ch/bib/chbsg000082313	Wehrli-Johns 1980
http://permalink.snl.ch/bib/chbsg000077350	Weibel 1987
http://permalink.snl.ch/bib/chbsg000077351	Weibel 1988
http://permalink.snl.ch/bib/chbsg000137961	Weibel 1996
http://permalink.snl.ch/bib/chbsg000150646	Weidenmann 2003
http://permalink.snl.ch/bib/chbsg000031814	Weiss 2002
http://permalink.snl.ch/bib/chbsg000137623	Weiss 2002a
http://permalink.snl.ch/bib/chbsg000136367	Weissenbach 1879
http://permalink.snl.ch/bib/chbsg000137523	Weisz 1933
http://permalink.snl.ch/bib/chbsg000137524	Weisz 1934
http://permalink.snl.ch/bib/chbsg991001174649603977	Weisz 1938
http://permalink.snl.ch/bib/chbsg000137082	Weisz 1939-1940
http://permalink.snl.ch/bib/chbsg000135525	Weisz 1983 et al.
http://permalink.snl.ch/bib/chbsg000135526	Weisz et al. 1983a
http://permalink.snl.ch/bib/chbsg000136370	Welti, Urbar
http://permalink.snl.ch/bib/chbsg000049534	Werdenberger Jahrbuch
http://permalink.snl.ch/bib/chbsg991001180045603977	Werdmüller, Memorabilia
http://permalink.snl.ch/bib/chbsg000135247	Wernli 1948
http://permalink.snl.ch/bib/chbsg000088757	Wernli 1991
http://permalink.snl.ch/bib/chbsg991001175449803977	Wettlaufer 1999
http://permalink.snl.ch/bib/chbsg991001175849203977	Wettstein 1958
http://permalink.snl.ch/bib/chbsg000135549	Weymuth 1967
http://permalink.snl.ch/bib/chbsg000091380	Wiget 1997
http://permalink.snl.ch/bib/chbsg000123198	Wiget 2012
http://permalink.snl.ch/bib/chbsg991001180649603977	Wilbertz 1979
http://permalink.snl.ch/bib/chbsg000111514	Wildermann 1993
http://permalink.snl.ch/bib/chbsg000136533	Willi 1885
http://permalink.snl.ch/bib/chbsg000136539	Willi 1887
http://permalink.snl.ch/bib/chbsg000138264	Willoweit 2003
http://permalink.snl.ch/bib/chbsg000129786	Windler 2014
http://permalink.snl.ch/bib/chbsg000012082	Windler/Rast-Eicher 1999-2000
http://permalink.snl.ch/bib/chbsg000138061	Winkler 1925
http://permalink.snl.ch/bib/chbsg000150469	Winkler 1973
http://permalink.snl.ch/bib/chbsg000142793	Winteler 1923
http://permalink.snl.ch/bib/chbsg000150352	Winteler 1957
http://permalink.snl.ch/bib/chbsg000094418	Wirz 1997
http://permalink.snl.ch/bib/chbsg000137699	Wirz, Akten
http://permalink.snl.ch/bib/chbsg000137700	Wirz, Bullen
http://permalink.snl.ch/bib/chbsg000114811	Witschi 1981
http://permalink.snl.ch/bib/chbsg000074893	Witschi 1983
http://permalink.snl.ch/bib/chbsg991001175149803977	Witte 1893
http://permalink.snl.ch/bib/chbsg000128210	Würgler 2013
http://permalink.snl.ch/bib/chbsg000137972	Wüthrich 1997
http://permalink.snl.ch/bib/chbsg000136642	Wydler 1928
http://permalink.snl.ch/bib/chbsg000136649	Wydler 1939
http://permalink.snl.ch/bib/chbsg000137252	Wydler 1955
http://permalink.snl.ch/bib/chbsg000135246	Wydler/Hubmann 1963
http://permalink.snl.ch/bib/chbsg000139442	Wyss 1796
http://permalink.snl.ch/bib/chbsg000137625	Wyss 1851-1858
http://permalink.snl.ch/bib/chbsg000137462	Wyss 1861
http://permalink.snl.ch/bib/chbsg000136293	Wyss 2001
http://permalink.snl.ch/bib/chbsg000136342	Wyss, Bemerkungen
http://permalink.snl.ch/bib/chbsg991001175849403977	Wyss, Chronik
http://permalink.snl.ch/bib/chbsg991001189248503977	Wyssbrod 2019
http://permalink.snl.ch/bib/chbsg000114721	Zäch/Kaenel 1986
http://permalink.snl.ch/bib/chbsg000083633	Zangger 1991
http://permalink.snl.ch/bib/chbsg000138201	Zangger 1995
http://permalink.snl.ch/bib/chbsg000143757	Zedler
http://permalink.snl.ch/bib/chbsg000111669	Zehnder 1976
http://permalink.snl.ch/bib/chbsg000141199	Zeller-Werdmüller 1878
http://permalink.snl.ch/bib/chbsg000136550	Zeller-Werdmüller 1882
http://permalink.snl.ch/bib/chbsg000135232	Zeller-Werdmüller 1892
http://permalink.snl.ch/bib/chbsg000150481	Zellweger 1834
http://permalink.snl.ch/bib/chbsg000135628	Zellweger, Urkunden
http://permalink.snl.ch/bib/chbsg000135387	Ziegler 1900
http://permalink.snl.ch/bib/chbsg000136612	Ziegler 1910
http://permalink.snl.ch/bib/chbsg000135490	Ziegler 1919
http://permalink.snl.ch/bib/chbsg000134488	Ziegler 1933
http://permalink.snl.ch/bib/chbsg000136291	Ziegler 1968
http://permalink.snl.ch/bib/chbsg000151414	Ziegler 2001
http://permalink.snl.ch/bib/chbsg000119156	Ziegler 2011
http://permalink.snl.ch/bib/chbsg000151095	Ziegler/Kläui 1956
http://permalink.snl.ch/bib/chbsg991001176949703977	Zihler 2009
http://permalink.snl.ch/bib/chbsg000138214	Zimmermann 1973
http://permalink.snl.ch/bib/chbsg000079501	Zimmermann 1990
http://permalink.snl.ch/bib/chbsg000052615	Zimmermann 2007
http://permalink.snl.ch/bib/chbsg000136411	Zollinger 1970
http://permalink.snl.ch/bib/chbsg000084755	Zollinger 1986
http://permalink.snl.ch/bib/chbsg000135379	Zotz 1993
http://permalink.snl.ch/bib/chbsg000041290	Zotz 2002
http://permalink.snl.ch/bib/chbsg000143691	Zuber 1931
http://permalink.snl.ch/bib/chbsg000139461	Zürcher 1960
http://permalink.snl.ch/bib/chbsg000136727	Zürcher 1964
http://permalink.snl.ch/bib/chbsg000119287	Zürcher Kirchenordnungen
http://permalink.snl.ch/bib/chbsg000134396	Zürcher Ratslisten
http://permalink.snl.ch/bib/chbsg000151180	Zürcher Schulumfrage
http://permalink.snl.ch/bib/chbsg000135554	Zürcher Stadtbücher
http://permalink.snl.ch/bib/chbsg000151097	Zürcher u. a. 1963
http://permalink.snl.ch/bib/chbsg991001205249403977	Zurich 1962
http://permalink.snl.ch/bib/chbsg000137715	Züsli-Niscosi 1967
http://permalink.snl.ch/bib/chbsg000086101	Zwingli, Werke
